,value,nifty_bm,drawdown,cash,n_open
2020-01-01,1004802.0703005955,1002960.2269836831,,221056.455466131,6
2020-01-02,1004203.9653248134,1006446.6462738799,,220924.87237145894,9
2020-01-03,1010314.9005098789,1000481.5785987868,,222269.27811217334,6
2020-01-06,1023980.1710939034,1010330.7217728592,,225275.63764065874,6
2020-01-07,1022536.0480850907,1009075.7721120027,,224957.93057871997,3
2020-01-08,1021094.1044242894,1002254.8446981059,,224640.70297334366,3
2020-01-09,1035392.8006169954,1007784.1278373722,,227786.41613573898,7
2020-01-10,1042747.3977861746,999605.5103425827,,229404.4275129584,4
2020-01-13,1039191.0741256727,1000292.9600387698,,228622.036307648,4
2020-01-14,1044586.3051616757,1000626.4272346009,,229808.98713556866,7
2020-01-15,1041077.4871270765,1011369.1604377249,,229037.04716795683,7
2020-01-16,1037559.9955966289,1016354.839440975,,228263.19903125835,8
2020-01-17,1040295.70856815,1016540.0639024875,,228865.055884993,9
2020-01-20,1023980.8736427709,1024864.286686767,,225275.7922014096,6
2020-01-21,1009561.3781621449,1038830.0833338422,,222103.5031956719,7
2020-01-22,1005321.7816914557,1044771.3581756462,,221170.79197212026,5
2020-01-23,997249.988240036,1045312.9152926772,,219394.99741280792,4
2020-01-24,1000492.1499974634,1032724.7928310675,,220108.27299944195,7
2020-01-27,993350.4322881368,1022708.8290171664,,218537.0951033901,5
2020-01-28,982001.8193547938,1020172.8847255658,,216040.40025805464,5
2020-01-29,994805.1733497564,1014694.1830324039,,218857.13813694642,5
2020-01-30,993473.0311804772,1013318.027000711,,218564.066859705,8
2020-01-31,994619.4888652746,1014288.9622782527,,218816.2875503604,8
2020-02-03,983151.168510583,1019818.9480267661,,216293.25707232827,5
2020-02-04,979172.1068385809,1019564.2600830022,,215417.86350448782,9
2020-02-05,980663.2312603762,1024704.6641131467,,215745.91087728276,8
2020-02-06,971637.7507477505,1025762.6787910075,,213760.30516450512,6
2020-02-07,975304.1608519834,1006943.0802849302,,214566.91538743634,5
2020-02-10,970890.4912509823,998380.352267361,,213595.9080752161,6
2020-02-11,969046.384887639,997433.0572612458,,213190.20467528058,6
2020-02-12,964652.2380434506,986389.3786510992,,212223.49236955913,5
2020-02-13,980399.5728589236,992425.4137986837,,215687.9060289632,4
2020-02-14,980855.7268875549,1007274.2147404872,,215788.25991526208,9
2020-02-17,972606.197721657,1019359.730088357,,213973.36349876455,5
2020-02-18,979970.4136913714,1017720.8980356373,,215593.49101210173,5
2020-02-19,970369.4759492385,1032561.2006686536,,213481.28470883248,8
2020-02-20,972655.026531741,1034453.2047299695,,213984.105836983,5
2020-02-21,957017.4609782756,1031575.0282765768,,210543.84141522064,4
2020-02-24,946768.204563743,1025996.9665235749,,208289.00500402346,8
2020-02-25,948901.5767724621,1023479.7219318943,,208758.34688994166,3
2020-02-26,955408.162555277,1020135.3179432465,,210189.79576216094,3
2020-02-27,957353.9758541008,1022215.3270451417,,210617.87468790216,6
2020-02-28,956968.152245063,1024203.9987357619,,210532.99349391385,9
2020-03-02,955073.9472721461,1024663.8020024337,,210116.26839987215,6
2020-03-03,943625.0585770785,1029347.4506986713,,207597.51288695727,4
2020-03-04,938398.6253278941,1041422.869350499,,206447.6975721367,7
2020-03-05,935268.6628203323,1051254.697182808,,205759.1058204731,9
2020-03-06,944215.0116178723,1036866.6674960083,,207727.3025559319,3
2020-03-09,947520.4774764652,1012145.4323825192,,208454.50504482235,6
2020-03-10,933870.647829936,1021554.3759542962,,205451.54252258592,3
2020-03-11,920175.1674495636,986243.9938214351,,202438.536838904,4
2020-03-12,901133.7992417488,962854.9499222311,,198249.43583318472,4
2020-03-13,880251.0714605863,931373.3734713669,,193655.235721329,7
2020-03-16,869493.7418191761,895330.3283806109,,191288.62320021875,7
2020-03-17,861966.9657140309,880614.5859155271,,189632.7324570868,8
2020-03-18,853774.7291085798,867961.8926692578,,187830.44040388757,9
2020-03-19,832811.7002623114,844477.5789691516,,183218.5740577085,4
2020-03-20,816115.2371257062,805467.0201571637,,179545.35216765536,6
2020-03-23,804196.4773328798,783905.2139260645,,176923.22501323355,3
2020-03-24,796855.879312785,769906.3428349257,,175308.2934488127,5
2020-03-25,779729.0710216973,742474.8416822822,,171540.3956247734,7
2020-03-26,764915.6991425914,727745.565809163,,168281.45381137013,5
2020-03-27,744397.7172474419,711934.9705879372,,163767.49779443722,6
2020-03-30,723861.4544302551,700489.3837515877,,159249.5199746561,7
2020-03-31,716251.1149443435,686168.5882467311,,157575.24528775556,5
2020-04-01,712030.992199079,665018.021368768,,156646.8182837974,9
2020-04-02,699191.5880892747,658226.4777860302,,153822.14937964044,6
2020-04-03,692975.7955896637,643030.6409518622,,152454.675029726,3
2020-04-06,683034.2998339476,628987.2419924723,,150267.54596346847,9
2020-04-07,667390.4115117263,609837.0677339096,,146825.8905325798,6
2020-04-08,669827.6296263728,607525.0647940291,,147362.07851780203,8
2020-04-09,678972.9944461101,602673.596972636,,149374.05877814422,7
2020-04-10,679160.037021933,601936.5346552096,,149415.20814482527,4
2020-04-13,688586.4191106803,611977.5767730945,,151489.01220434968,3
2020-04-14,673652.4715819973,604258.6663536172,,148203.54374803943,9
2020-04-15,678749.4415700254,595249.8746390593,,149324.8771454056,9
2020-04-16,679645.3230122701,603819.1621400338,,149521.97106269942,5
2020-04-17,678312.1562476488,602872.0265382705,,149228.67437448274,7
2020-04-20,679234.6381248937,599293.2630297712,,149431.6203874766,4
2020-04-21,668153.3761691197,605465.4409970645,,146993.74275720635,6
2020-04-22,667293.3217624791,602236.2833237894,,146804.5307877454,4
2020-04-23,669705.8919788428,612936.2709431819,,147335.29623534542,7
2020-04-24,678507.233366803,617141.1950547467,,149271.59134069667,7
2020-04-27,675911.7417806891,614539.8471763829,,148700.5831917516,8
2020-04-28,671658.7728764463,627392.596579276,,147764.93003281817,8
2020-04-29,669183.7540432177,624045.9014157054,,147220.4258895079,4
2020-04-30,674778.7445380181,628707.4656602389,,148451.323798364,6
2020-05-01,677055.707428704,630759.1138531398,,148952.25563431488,4
2020-05-04,674399.6437980157,638824.3419115467,,148367.92163556346,7
2020-05-05,677733.0482709691,648569.1960801966,,149101.2706196132,7
2020-05-06,678685.3710781919,649038.785742243,,149310.78163720222,5
2020-05-07,684666.9526645816,644665.9065448579,,150626.72958620795,8
2020-05-08,680978.3428017802,647753.6856314824,,149815.23541639166,5
2020-05-11,679476.6982230985,643855.3122080703,,149484.87360908167,3
2020-05-12,677606.1537055569,656440.8671502917,,149073.3538152225,7
2020-05-13,669569.8280281037,657568.0323402545,,147305.3621661828,5
2020-05-14,671643.500753773,655562.0850639933,,147761.57016583005,4
2020-05-15,673523.4106378359,656987.5805003592,,148175.1503403239,8
2020-05-18,673943.3284944486,648855.5854890972,,148267.53226877868,8
2020-05-19,672990.3789403205,643138.9514746437,,148057.8833668705,6
2020-05-20,665284.2007778207,650743.382784127,,146362.52417112055,4
2020-05-21,663291.3517716533,646955.7337552172,,145924.09738976372,6
2020-05-22,661743.844368701,640793.0570651091,,145583.64576111423,5
2020-05-25,657614.9884211681,644329.082048883,,144675.297452657,9
2020-05-26,657094.8619524696,651857.5451241214,,144560.8696295433,3
2020-05-27,659732.7247792348,656583.5491244888,,145141.19945143166,4
2020-05-28,670692.5875539961,663072.2051992355,,147552.36926187915,4
2020-05-29,672076.8376374278,658583.5025369329,,147856.90428023413,4
2020-06-01,673937.9382463561,649964.48764395,,148266.34641419834,6
2020-06-02,673902.3608711893,659507.7015285812,,148258.51939166166,5
2020-06-03,663302.17639882,657763.0012942015,,145926.4788077404,4
2020-06-04,663537.4046151643,656471.8693163372,,145978.22901533614,9
2020-06-05,664261.9587859025,665030.8473670393,,146137.63093289855,4
2020-06-08,678555.2539821272,668824.306410519,,149282.155876068,8
2020-06-09,677839.3319112738,672001.8464373649,,149124.65302048024,3
2020-06-10,679969.8842408521,686105.5001593588,,149593.37453298745,8
2020-06-11,680163.6416304716,682199.2111949177,,149636.00115870376,8
2020-06-12,673801.55190795,688498.9669967936,,148236.341419749,3
2020-06-15,680737.660988853,689161.0446001027,,149762.28541754765,9
2020-06-16,685483.3764703039,691208.9739258275,,150806.34282346684,5
2020-06-17,690489.9904532736,701535.9470755134,,151907.7978997202,8
2020-06-18,685553.1297004104,705215.110036636,,150821.6885340903,5
2020-06-19,694125.1157722361,709117.6384047345,,152707.52546989196,8
2020-06-22,686256.698073707,716640.5395798109,,150976.47357621556,7
2020-06-23,690077.971155766,714456.8993567374,,151817.15365426854,3
2020-06-24,703326.6903594447,709060.9694545136,,154731.87187907784,8
2020-06-25,697812.919440356,702320.8575716129,,153518.8422768783,7
2020-06-26,694858.7070219157,689496.2064934425,,152868.91554482144,6
2020-06-29,695850.2958309194,703254.3915508268,,153087.06508280226,7
2020-06-30,693275.9676981878,696179.3151793791,,152520.7128936013,4
2020-07-01,684540.2473881069,695008.4046283398,,150598.85442538353,8
2020-07-02,685336.2207153428,693472.6262438945,,150773.96855737543,7
2020-07-03,679545.416417814,695789.076982436,,149499.99161191907,5
2020-07-06,682675.087065987,701473.3282954115,,150188.51915451715,6
2020-07-07,677735.860453658,707502.1395102973,,149101.88929980478,9
2020-07-08,687057.739337587,703880.2693236584,,151152.70265426915,8
2020-07-09,682882.0408173322,703058.3791061311,,150234.0489798131,4
2020-07-10,681408.7071846365,705241.0305439585,,149909.91558062003,9
2020-07-13,686515.7948153663,703871.0535086772,,151033.47485938057,7
2020-07-14,679731.4077230537,714914.637578635,,149540.9096990718,9
2020-07-15,681439.8510627002,718549.4509327192,,149916.76723379403,9
2020-07-16,689406.3690685816,723867.678983964,,151669.40119508796,6
2020-07-17,680386.4467319829,728730.1675003633,,149685.01828103623,9
2020-07-20,681848.8610581897,737160.119277578,,150006.74943280173,9
2020-07-21,683750.5400893721,738737.4243288301,,150425.11881966185,8
2020-07-22,688690.9757946956,729946.5202633558,,151512.01467483302,6
2020-07-23,681849.4638279375,733024.7306828103,,150006.88204214626,4
2020-07-24,674591.9391310214,728796.7243090207,,148410.2266088247,7
2020-07-27,677976.0318250493,725442.9049255244,,149154.72700151085,6
2020-07-28,680080.7200908156,729788.6403081333,,149617.75841997942,6
2020-07-29,681923.1874518153,738680.1582677349,,150023.10123939937,3
2020-07-30,684326.8369726482,739139.6764050724,,150551.9041339826,6
2020-07-31,680768.1936204537,741618.6870326207,,149769.0025964998,3
2020-08-03,682506.9820767163,753922.9137979074,,150151.53605687758,7
2020-08-04,684603.0402052079,755963.9001382708,,150612.66884514573,9
2020-08-05,680843.209171803,774965.8008585662,,149785.50601779667,8
2020-08-06,692035.6474320719,779454.6675314177,,152247.84243505582,8
2020-08-07,695224.256921264,766743.9083569056,,152949.3365226781,7
2020-08-10,688587.5907370897,772553.3317379048,,151489.26996215974,7
2020-08-11,692829.7762139679,775675.2233487645,,152422.55076707294,5
2020-08-12,687491.6653747326,785505.0848706552,,151248.16638244118,9
2020-08-13,692489.8804333005,790858.477063696,,152347.77369532612,7
2020-08-14,699711.2081327596,790150.3962820421,,153936.4657892071,6
2020-08-17,695235.9953935065,781292.1519510518,,152951.91898657143,8
2020-08-18,701332.3092491396,780068.8664651895,,154293.10803481072,4
2020-08-19,704199.8030944742,774093.58238621,,154923.95668078432,8
2020-08-20,709528.8431040685,770149.5966600861,,156096.3454828951,3
2020-08-21,721379.9191430871,774779.3469879733,,158703.58221147917,8
2020-08-24,720293.665992303,787395.925767138,,158464.60651830668,5
2020-08-25,716096.6895459424,790678.8782246499,,157541.27170010732,9
2020-08-26,711097.7097498345,782028.1483127149,,156441.4961449636,7
2020-08-27,706579.1194070404,785659.6722479556,,155447.4062695489,9
2020-08-28,706525.8684037845,794921.027775496,,155435.69104883258,7
2020-08-31,708984.4313172112,790649.9667034575,,155976.57488978648,8
2020-09-01,711063.0827739916,789975.4133399805,,156433.87821027817,4
2020-09-02,716475.0248661684,790417.4344842564,,157624.50547055705,4
2020-09-03,716969.7623924464,784855.6353526437,,157733.34772633822,5
2020-09-04,726243.7947010288,790018.9369615082,,159773.63483422634,3
2020-09-07,725031.270347609,789443.0073010216,,159506.87947647396,8
2020-09-08,742215.5539889201,792920.9444287819,,163287.42187756242,7
2020-09-09,746593.2693258742,786568.7154353801,,164250.5192516923,8
2020-09-10,741586.7348919194,783630.2096691147,,163149.08167622227,5
2020-09-11,735266.4979941689,789337.0929786842,,161758.62955871716,6
2020-09-14,738708.29188965,786872.8497115724,,162515.824215723,6
2020-09-15,737733.6152931298,800112.8954946559,,162301.39536448856,5
2020-09-16,742638.8091995348,797411.2792874065,,163380.53802389765,7
2020-09-17,746056.8190297151,799448.2703033898,,164132.50018653733,9
2020-09-18,746027.6886760158,806866.8407876136,,164126.09150872348,5
2020-09-21,741090.6664731024,796333.6182196201,,163039.94662408254,7
2020-09-22,731978.066375204,783347.2614430147,,161035.1746025449,4
2020-09-23,729624.4808683178,772322.6396815643,,160517.3857910299,5
2020-09-24,735358.8840358799,781910.6769222298,,161778.95448789358,7
2020-09-25,737123.5959511034,778139.7935305489,,162167.19110924273,5
2020-09-28,729745.8883272257,797377.6605514508,,160544.09543198964,5
2020-09-29,731243.3545253566,793438.3340820849,,160873.53799557843,9
2020-09-30,734062.4422441148,795162.663928732,,161493.73729370526,9
2020-10-01,728973.3428008024,807145.8006981534,,160374.13541617655,7
2020-10-02,730348.6701266317,822867.2917140834,,160676.707427859,7
2020-10-05,731133.629966213,839328.1626937775,,160849.39859256687,3
2020-10-06,724454.5432778235,849315.7306998657,,159379.99952112118,5
2020-10-07,727077.932682144,857935.0912244829,,159957.1451900717,6
2020-10-08,730965.3773430511,863124.745753848,,160812.38301547125,5
2020-10-09,738118.5574274306,869869.5738537892,,162386.08263403474,5
2020-10-12,745158.2284196661,865680.0520751264,,163934.81025232654,7
2020-10-13,736864.4760347625,859314.8024029142,,162110.18472764775,5
2020-10-14,731417.9327993433,859648.1672684918,,160911.94521585552,8
2020-10-15,735044.1564592812,858619.3799596616,,161709.71442104186,5
2020-10-16,738680.5526375831,855283.0714256545,,162509.7215802683,8
2020-10-19,742342.8608893326,861300.5700678021,,163315.42939565316,9
2020-10-20,767083.8253432423,869478.9630541705,,168758.4415755133,6
2020-10-21,771251.061414696,870574.3895329422,,169675.23351123312,7
2020-10-22,779142.739775327,883159.8793356929,,171411.40275057196,5
2020-10-23,785912.7227203448,873952.0132923821,,172900.79899847586,8
2020-10-26,790720.0138104171,872711.206931824,,173958.40303829178,8
2020-10-27,789059.668955881,867134.7463493304,,173593.12717029382,9
2020-10-28,794607.7355797716,852122.8247608219,,174813.70182754975,8
2020-10-29,789848.8184697652,851811.4024012737,,173766.74006334835,4
2020-10-30,788716.9981623131,851183.9569896614,,173517.7395957089,3
2020-11-02,785920.5309373272,863779.5835925963,,172902.516806212,6
2020-11-03,786923.3106655914,869318.7524327008,,173123.1283464301,9
2020-11-04,802862.1258357286,861225.5905910757,,176629.6676838603,9
2020-11-05,790584.9556015155,876756.829010915,,173928.6902323334,5
2020-11-06,795655.1442239401,887295.2883736403,,175044.1317292668,4
2020-11-09,785209.715935379,892574.6316165349,,172746.13750578338,5
2020-11-10,782515.3309372639,891029.050331384,,172153.37280619805,5
2020-11-11,790212.2143916696,883281.8443290134,,173846.6871661673,7
2020-11-12,791102.2937539765,880529.5695710535,,174042.50462587483,7
2020-11-13,784313.9789741932,890006.8078483257,,172549.0753743225,7
2020-11-16,780000.1881457283,906314.9098090876,,171600.04139206023,4
2020-11-17,784958.3224171288,919982.8759530324,,172690.83093176835,5
2020-11-18,780540.4856332826,916096.804339785,,171718.90683932215,3
2020-11-19,782429.3140023202,906737.6244467755,,172134.44908051044,6
2020-11-20,783186.2053236286,908332.0494270372,,172300.9651711983,7
2020-11-23,779302.6958918702,893453.4124323097,,171446.59309621144,7
2020-11-24,793956.3334290351,896571.6481872816,,174670.39335438772,9
2020-11-25,798694.9122949535,895691.0134858125,,175712.88070488977,5
2020-11-26,785409.6511586846,892101.668998019,,172790.1232549106,5
2020-11-27,787109.9544120774,878961.2976542809,,173164.18997065703,4
2020-11-30,783138.8391156642,883619.0902526816,,172290.54460544614,4
2020-12-01,789267.4356863558,879518.5162730583,,173638.83585099826,7
2020-12-02,784408.3689059701,870112.7606145784,,172569.84115931342,5
2020-12-03,784098.3238482419,846735.883939766,,172501.63124661322,3
2020-12-04,787918.7581476866,846870.1833652497,,173342.12679249106,6
2020-12-07,794173.981465741,861484.1056713533,,174718.275922463,5
2020-12-08,786532.0268744818,875441.8388786995,,173037.045912386,9
2020-12-09,784751.9000024159,872007.9931706291,,172645.4180005315,5
2020-12-10,782038.9851041056,867385.4660906782,,172048.57672290324,8
2020-12-11,778149.6718106292,871612.5437641074,,171192.92779833844,4
2020-12-14,790278.1935404865,863711.6709455627,,173861.20257890705,9
2020-12-15,793456.964719859,866550.7111150334,,174560.53223836896,6
2020-12-16,785413.2839395959,873221.2128087535,,172790.9224667111,7
2020-12-17,791996.4818556164,883766.1148371914,,174239.22600823562,9
2020-12-18,806742.1318719407,883296.425204393,,177483.26901182695,5
2020-12-21,814289.9747241626,881958.3188963056,,179143.79443931577,7
2020-12-22,804245.9971945293,874972.4729509995,,176934.11938279643,5
2020-12-23,801402.191697035,868466.7346816548,,176308.4821733477,7
2020-12-24,810497.1006271895,866962.9415648427,,178309.3621379817,6
2020-12-25,806091.8945198188,870352.7426642786,,177340.21679436014,4
2020-12-28,809600.3813897427,878272.1292246289,,178112.0839057434,6
2020-12-29,815400.6738242466,871939.6114908603,,179388.14824133425,8
2020-12-30,809449.1385006043,884670.4018911929,,178078.81047013294,3
2020-12-31,809509.0656413777,882763.3407215703,,178091.9944411031,4
2021-01-01,787675.9808838472,882954.9098153319,,173288.71579444638,6
2021-01-04,781274.305861117,877058.0857800925,,171880.34728944572,8
2021-01-05,780050.1823976368,857227.5547157329,,171611.0401274801,3
2021-01-06,772229.2767646102,864786.9569858263,,169890.44088821425,8
2021-01-07,783392.2340503824,871203.6909273916,,172346.29149108412,5
2021-01-08,774323.5275288796,869241.207219432,,170351.17605635352,5
2021-01-11,771876.3723815711,870159.483899638,,169812.80192394563,7
2021-01-12,773181.8429589611,874789.9702151852,,170100.00545097145,4
2021-01-13,783102.4022995825,862171.837288422,,172282.52850590815,5
2021-01-14,773998.9713432591,858200.6734310081,,170279.773695517,9
2021-01-15,782100.3349018476,865036.6833017212,,172062.07367840648,8
2021-01-18,782621.9809799199,855092.4382647797,,172176.83581558237,4
2021-01-19,776546.6246478156,857836.2591847401,,170840.25742251944,9
2021-01-20,780047.2032821173,847141.1623383136,,171610.3847220658,5
2021-01-21,781819.4763099763,851250.7159824434,,172000.28478819478,7
2021-01-22,778284.2110273681,851320.0128285742,,171222.52642602098,6
2021-01-25,779197.3856852425,838615.1238707153,,171423.42485075333,7
2021-01-26,777097.3197165187,848246.6385838854,,170961.41033763412,9
2021-01-27,778297.8553722111,842683.3112324562,,171225.52818188645,3
2021-01-28,783129.614641952,836550.7692608781,,172288.51522122943,5
2021-01-29,794141.3120918146,838496.0905881868,,174711.08866019922,9
2021-02-01,786246.4104457173,847997.9742527294,,172974.2102980578,3
2021-02-02,800957.6969543432,840170.6923773093,,176210.6933299555,3
2021-02-03,788132.164559232,841015.8692885566,,173389.07620303103,8
2021-02-04,787572.4541329414,844795.1900306704,,173265.93990924713,4
2021-02-05,791967.656778356,850712.5607008755,,174232.8844912383,8
2021-02-08,794318.5580233304,852495.8199257572,,174750.08276513268,5
2021-02-09,790574.9776173253,849881.4160332844,,173926.49507581154,3
2021-02-10,789634.9530352915,843556.5075161261,,173719.68966776415,9
2021-02-11,786783.9697640238,844601.1399639845,,173092.47334808524,6
2021-02-12,783298.8311500725,836353.3390414017,,172325.74285301595,3
2021-02-15,789409.829273223,813493.4357456804,,173670.16244010904,9
2021-02-16,792263.2550117016,817208.919071124,,174297.91610257435,6
2021-02-17,788056.5498029629,824569.8311538843,,173372.44095665184,8
2021-02-18,794539.5749811641,806406.3238886425,,174798.7064958561,8
2021-02-19,797075.7817956816,799009.6089005008,,175356.67199504995,4
2021-02-22,803045.3437744812,804044.9398736199,,176669.97563038586,9
2021-02-23,807808.8844072799,820098.6675500954,,177717.95456960157,3
2021-02-24,809047.693588401,826345.8021369183,,177990.4925894482,7
2021-02-25,812137.0107816014,826762.2573317081,,178670.1423719523,8
2021-02-26,824263.8370885561,831460.3204733045,,181338.04415948235,8
2021-03-01,835612.422975539,848489.7303379396,,183834.73305461858,4
2021-03-02,842633.5196962694,849578.6314015904,,185379.37433317926,6
2021-03-03,850703.6591758744,849432.2285598386,,187154.80501869236,4
2021-03-04,867241.4672890094,851839.4655899885,,190793.12280358205,3
2021-03-05,870321.5995446375,850445.326568854,,191470.75189982026,9
2021-03-08,881836.2395457664,857746.7126629866,,194003.9727000686,5
2021-03-09,887886.8376106373,877350.038036369,,195335.1042743402,5
2021-03-10,893862.0583386407,886552.7846378915,,196649.65283450097,9
2021-03-11,909879.7117770493,891005.6216496844,,200173.53659095085,6
2021-03-12,924070.2312166594,895146.8312922125,,203295.4508676651,8
2021-03-15,938388.5441187052,888495.6104388564,,206445.47970611515,6
2021-03-16,956852.8118636424,902542.3198933561,,210507.61861000134,8
2021-03-17,965233.4384613055,908571.7959454884,,212351.35646148722,8
2021-03-18,979110.2137597952,913755.5985587842,,215404.24702715495,5
2021-03-19,984928.8039157026,948254.0043108177,,216684.3368614546,6
2021-03-22,996093.3796648216,957981.338618548,,219140.54352626074,4
2021-03-23,1003537.9664659931,958247.6430840471,,220778.3526225185,8
2021-03-24,1004947.4011209891,954768.8235582304,,221088.4282466176,7
2021-03-25,1010614.133414399,965586.5779716825,,222335.10935116778,7
2021-03-26,1004171.5938245937,967031.1620213484,,220917.75064141062,4
2021-03-29,1022613.4982059605,954224.1486749187,,224974.96960531131,7
2021-03-30,1014462.094928033,962957.8520689198,,223181.66088416724,3
2021-03-31,1004580.6221910766,957250.0457286985,,221007.73688203687,8
2021-04-01,1015052.3127578166,974687.6273764079,,223311.50880671965,4
2021-04-02,1022471.4650108811,985097.7363028328,,224943.72230239384,6
2021-04-05,1028488.7284418982,981325.2473773647,,226267.5202572176,8
2021-04-06,1034578.3452320802,993679.7941129677,,227607.23595105764,4
2021-04-07,1035070.7035814304,994737.692798933,,227715.55478791468,5
2021-04-08,1027776.9100240321,1003214.2007515808,,226110.92020528705,6
2021-04-09,1029035.2571158279,1008255.3137517576,,226387.75656548212,5
2021-04-12,1023709.0997196788,1000572.0168336581,,225216.00193832934,8
2021-04-13,1032787.882025052,994875.0365210072,,227213.33404551144,6
2021-04-14,1032095.9268032158,1005027.3659434057,,227061.10389670747,7
2021-04-15,1025452.6079383867,1002253.1229201081,,225599.5737464451,4
2021-04-16,1023246.0598804321,998830.7688696958,,225114.13317369507,8
2021-04-19,1027431.0517056629,990187.222499806,,226034.83137524582,3
2021-04-20,1023103.8627792947,994587.8037642841,,225082.84981144484,6
2021-04-21,1016546.9196862474,1014493.4708734372,,223640.32233097442,6
2021-04-22,1019242.1325154422,1004631.0090023963,,224233.2691533973,9
2021-04-23,1021955.5750801216,1005284.1043895264,,224830.22651762675,8
2021-04-26,1018144.6853769536,1019193.3110377571,,223991.83078292978,8
2021-04-27,1014658.7355409409,1018850.2574826188,,223224.921819007,5
2021-04-28,1017248.5753237386,1023656.7162410872,,223794.6865712225,9
2021-04-29,1005317.5547640638,1013755.1524933117,,221169.86204809404,7
2021-04-30,993873.5806051873,1018305.8156604741,,218652.1877331412,5
2021-05-03,988380.6640714877,1016923.088215546,,217443.7460957273,9
2021-05-04,987160.7050374477,1026873.1060304544,,217175.3551082385,5
2021-05-05,990342.0419654557,1038887.6933618487,,217875.24923240027,7
2021-05-06,1003335.8523022177,1064881.5512823297,,220733.8875064879,9
2021-05-07,1011232.2126133131,1071192.5879241987,,222471.08677492887,9
2021-05-10,1010443.979851564,1074957.8995063372,,222297.6755673441,3
2021-05-11,1010866.7114511214,1077394.4537590756,,222390.6765192467,5
2021-05-12,1002838.9138670639,1074232.21508093,,220624.56105075407,5
2021-05-13,1003262.7520449844,1078137.6899761083,,220717.80544989655,6
2021-05-14,1001383.0405270517,1075564.91556344,,220304.26891595137,7
2021-05-17,1004710.744282637,1077737.9646272897,,221036.36374218014,4
2021-05-18,998228.8900699053,1091680.8509915615,,219610.35581537918,3
2021-05-19,1003214.4897291632,1081700.5361288527,,220707.18774041592,9
2021-05-20,1016866.5141684214,1093868.41923563,,223710.6331170527,9
2021-05-21,1016516.2430457842,1108014.9744500024,,223633.57347007253,9
2021-05-24,1020576.7676363023,1107237.5346280565,,224526.8888799865,3
2021-05-25,1027155.6340177766,1085383.2992140413,,225974.23948391085,9
2021-05-26,1024248.3994059699,1079571.8217796811,,225334.64786931337,9
2021-05-27,1026793.4375870378,1093327.1302167866,,225894.5562691483,7
2021-05-28,1027498.8810339711,1093548.8060186724,,226049.75382747364,8
2021-05-31,1028947.9080816538,1083626.6317689102,,226368.53977796383,8
2021-06-01,1022783.9100681308,1078885.3732511797,,225012.4602149888,6
2021-06-02,1023590.2079368229,1087954.3652929938,,225189.84574610103,6
2021-06-03,1028516.7327405751,1094062.1072620975,,226273.68120292653,9
2021-06-04,1041799.7390444918,1092038.2510660011,,229195.9425897882,7
2021-06-07,1050898.6117115903,1088691.3373847478,,231197.69457654987,9
2021-06-08,1070741.7327769487,1085096.8025659174,,235563.1812109287,6
2021-06-09,1064378.8989793635,1076043.9519753861,,234163.35777545997,3
2021-06-10,1072888.316011164,1093008.9352230218,,236035.4295224561,3
2021-06-11,1075182.5879486718,1090121.1570237093,,236540.1693487078,4
2021-06-14,1095818.916720776,1103184.085332193,,241080.1616785707,8
2021-06-15,1088925.6290051902,1119591.1933918244,,239563.63838114185,7
2021-06-16,1081784.8514709314,1130679.5725464677,,237992.66732360492,5
2021-06-17,1076900.768671427,1126518.2273954162,,236918.1691077139,8
2021-06-18,1058083.9591435152,1131312.0534551882,,232778.47101157336,5
2021-06-21,1053969.157723342,1131527.1630967075,,231873.21469913525,4
2021-06-22,1047779.5893336885,1122288.054079015,,230511.50965341146,4
2021-06-23,1049726.7275840773,1126217.6482592335,,230939.880068497,9
2021-06-24,1053384.9473337976,1114076.0331738638,,231744.68841343548,6
2021-06-25,1070794.7166288323,1127114.0139547032,,235574.8376583431,4
2021-06-28,1080066.3025726227,1122612.4735049116,,237614.586565977,4
2021-06-29,1075396.4403424633,1125229.3019628474,,236587.21687534192,5
2021-06-30,1067807.8787919465,1128730.1545022388,,234917.73333422822,6
2021-07-01,1072892.0462816851,1126427.999582911,,236036.25018197074,4
2021-07-02,1061474.3481586084,1133179.3484317889,,233524.35659489385,8
2021-07-05,1078614.3985276897,1128542.8491044263,,237295.16767609175,4
2021-07-06,1090053.3641983313,1138358.1522786994,,239811.7401236329,6
2021-07-07,1086338.4699167644,1124280.296755458,,238994.46338168817,9
2021-07-08,1071149.6727130157,1126102.3121564598,,235652.92799686347,7
2021-07-09,1084097.6391022904,1147317.8832025598,,238501.4806025039,6
2021-07-12,1083670.950538487,1136896.625543952,,238407.60911846714,5
2021-07-13,1095701.2571146002,1130054.125411974,,241054.27656521203,7
2021-07-14,1081487.1245277126,1136045.8131577394,,237927.16739609677,8
2021-07-15,1076604.5479141907,1138461.0771484384,,236853.00054112196,3
2021-07-16,1077276.964375179,1142731.4286455875,,237000.9321625394,6
2021-07-19,1078331.9794617177,1148521.966172651,,237233.03548157788,9
2021-07-20,1074832.1920884512,1155929.7651143668,,236463.08225945928,5
2021-07-21,1081145.9976039438,1168601.2388534837,,237852.11947286763,8
2021-07-22,1071961.9070719627,1173641.7399806257,,235831.6195558318,7
2021-07-23,1071286.3292115883,1171444.7440026912,,235682.9924265494,8
2021-07-26,1073003.079341124,1179421.638603842,,236060.6774550473,6
2021-07-27,1078317.3739783023,1201204.2334077312,,237229.82227522653,4
2021-07-28,1085465.2448915197,1200195.1971181112,,238802.35387613432,9
2021-07-29,1075718.3555526836,1189587.8378871935,,236658.0382215904,6
2021-07-30,1062314.9366286271,1202598.6769266722,,233709.28605829796,3
2021-08-02,1074468.088254611,1201728.4512002552,,236382.97941601442,6
2021-08-03,1078126.2965555901,1177429.0684689959,,237187.78524222982,7
2021-08-04,1071892.424157317,1187402.4883790656,,235816.33331460974,7
2021-08-05,1086646.800199202,1181862.5222332242,,239062.29604382443,6
2021-08-06,1088345.4838486752,1181342.4245055467,,239436.00644670855,7
2021-08-09,1099886.3277266338,1185564.3215855632,,241974.99209985943,4
2021-08-10,1101155.494360576,1188207.830025015,,242254.2087593267,8
2021-08-11,1121082.3976971006,1196715.1512530511,,246638.12749336215,6
2021-08-12,1138459.6201113511,1192266.8168072389,,250461.11642449725,9
2021-08-13,1136710.7238368755,1198579.2795287266,,250076.35924411262,4
2021-08-16,1146757.3745675054,1196127.353762814,,252286.6224048512,8
2021-08-17,1153713.2556959745,1205024.9857930385,,253816.91625311438,9
2021-08-18,1167803.9805300336,1212575.6616270344,,256916.87571660738,9
2021-08-19,1158903.1544442768,1202309.1864760069,,254958.6939777409,9
2021-08-20,1166333.3894832325,1215218.1759432727,,256593.34568631116,8
2021-08-23,1177502.9073128374,1209541.098635803,,259050.63960882425,4
2021-08-24,1160583.0317020912,1219334.207509625,,255328.26697446007,9
2021-08-25,1149583.3769691843,1224100.8647363172,,252908.34293322053,9
2021-08-26,1130323.8623144901,1245991.1482684428,,248671.24970918783,5
2021-08-27,1128391.0558786648,1243869.3165089586,,248246.03229330626,6
2021-08-30,1135927.7029321434,1240263.9493997823,,249904.09464507154,8
2021-08-31,1151092.3774588003,1240556.048606136,,253240.32304093608,8
2021-09-01,1152484.9755018072,1237504.0227691543,,253546.6946103976,7
2021-09-02,1169107.533838285,1247428.122014249,,257203.6574444227,8
2021-09-03,1156070.9766036991,1228797.844410194,,254335.6148528138,4
2021-09-06,1140003.0342684726,1217013.6939941167,,250800.66753906396,8
2021-09-07,1140125.9773933936,1205179.2973541305,,250827.7150265466,5
2021-09-08,1144509.255920799,1216565.737500687,,251792.03630257578,6
2021-09-09,1144855.0060338168,1236846.894492777,,251868.1013274397,6
2021-09-10,1125400.1897150327,1236139.0871184515,,247588.04173730718,8
2021-09-13,1125200.408295379,1234675.7377925375,,247544.08982498338,9
2021-09-14,1113376.8128082866,1236015.9728110798,,244942.89881782306,3
2021-09-15,1120360.153408069,1250178.0508542808,,246479.23374977516,3
2021-09-16,1124501.0998685535,1239689.2385649579,,247390.24197108176,9
2021-09-17,1116169.6957519879,1243017.1909408432,,245557.33306543733,9
2021-09-20,1111941.791388888,1255055.0386356895,,244627.19410555533,9
2021-09-21,1102575.555489457,1261556.7189986492,,242566.62220768054,4
2021-09-22,1102627.6275674456,1264358.6684617067,,242578.07806483805,3
2021-09-23,1112219.0652336047,1276913.6714967971,,244688.19435139306,9
2021-09-24,1103545.2342258706,1244657.9296532832,,242779.95152969152,4
2021-09-27,1108913.3145669582,1253196.0534555565,,243960.9292047308,7
2021-09-28,1104558.4015575151,1245935.3876828207,,243002.84834265333,4
2021-09-29,1097754.963470361,1224790.6026191746,,241506.0919634794,3
2021-09-30,1097392.9699236755,1231253.118001635,,241426.45338320863,8
2021-10-01,1088372.8828485121,1247837.7972958097,,239442.03422667267,7
2021-10-04,1083882.2355509081,1246732.5113791951,,238454.09182119978,3
2021-10-05,1073474.8394183698,1258541.9459679788,,236164.46467204136,4
2021-10-06,1092024.660295981,1278347.1718396689,,240245.42526511583,5
2021-10-07,1092985.358280036,1294852.790794869,,240456.7788216079,6
2021-10-08,1087118.5770399051,1315569.9991197838,,239166.08694877912,3
2021-10-11,1089726.3888712048,1325397.584815788,,239739.80555166505,9
2021-10-12,1089317.9720371026,1326904.0576481444,,239649.95384816258,4
2021-10-13,1087903.774134498,1307267.635460167,,239338.83030958957,9
2021-10-14,1094214.0696263586,1304760.8273602459,,240727.0953177989,9
2021-10-15,1101894.1563373075,1294856.593216689,,242416.71439420767,9
2021-10-18,1097564.5279748838,1322105.4981526942,,241464.19615447443,9
2021-10-19,1092829.1351594229,1320451.6562651119,,240422.40973507304,9
2021-10-20,1090908.0077370752,1322551.762876938,,239999.76170215654,7
2021-10-21,1070195.6684113517,1330036.2302020364,,235443.04705049738,3
2021-10-22,1057033.1991505963,1331145.7773360289,,232547.30381313118,3
2021-10-25,1069927.3459840084,1353140.2788934752,,235384.01611648186,6
2021-10-26,1085507.8693341333,1345704.5444662038,,238811.73125350932,4
2021-10-27,1083839.653962514,1348757.639675427,,238444.72387175306,5
2021-10-28,1089779.8910061005,1339810.6955744927,,239751.5760213421,7
2021-10-29,1093295.1136985838,1323571.9034167742,,240524.92501368842,4
2021-11-01,1122541.2902846567,1316435.4600052494,,246959.08386262448,7
2021-11-02,1133874.9012910647,1316525.1756453356,,249452.47828403424,3
2021-11-03,1133299.6870892975,1311708.837947,,249325.93115964544,9
2021-11-04,1124752.2346079734,1303631.3358295735,,247445.49161375413,6
2021-11-05,1110046.3311519027,1286762.3256098356,,244210.1928534186,6
2021-11-08,1112609.917555367,1286286.8631474767,,244774.18186218076,8
2021-11-09,1106102.2829145428,1268439.8341566473,,243342.50224119943,5
2021-11-10,1093371.9786005411,1278131.3888620492,,240541.83529211904,6
2021-11-11,1087997.104621223,1279669.2079865697,,239359.36301666906,9
2021-11-12,1078626.013622152,1262487.4232111846,,237297.72299687343,3
2021-11-15,1094719.8729882143,1259309.1285052106,,240838.37205740713,5
2021-11-16,1103558.5732979146,1250839.6627767559,,242782.8861255412,4
2021-11-17,1104123.8519186748,1255157.7587364288,,242907.24742210846,9
2021-11-18,1118653.597550461,1271668.454381611,,246103.79146110144,9
2021-11-19,1120038.0774903747,1249548.8772088045,,246408.37704788244,6
2021-11-22,1112487.9952165764,1251439.1294636915,,244747.3589476468,5
2021-11-23,1127536.1248888986,1250060.9676583824,,248057.94747555768,3
2021-11-24,1133355.0404510535,1258558.5455079565,,249338.10889923177,8
2021-11-25,1124020.057038363,1261636.184261319,,247284.41254843987,7
2021-11-26,1122853.460491178,1253153.3101341322,,247027.76130805918,7
2021-11-29,1115147.5921182635,1249881.311316265,,245332.47026601798,3
2021-11-30,1102687.1585035753,1240954.3519704572,,242591.17487078655,3
2021-12-01,1112007.631804846,1254160.6723415395,,244641.67899706613,7
2021-12-02,1130700.5261815253,1254941.3380243806,,248754.11575993558,8
2021-12-03,1117914.76320796,1278134.2998250253,,245941.2479057512,5
2021-12-06,1123912.6425485113,1277934.55589643,,247260.78136067247,7
2021-12-07,1118348.755902851,1269870.962282782,,246036.7262986272,3
2021-12-08,1114366.8016126084,1252143.1995394395,,245160.69635477386,6
2021-12-09,1109401.9093150287,1231220.1033905314,,244068.42004930633,4
2021-12-10,1101898.001841568,1213208.2256484027,,242417.56040514493,8
2021-12-13,1102991.5627041033,1216796.5354809968,,242658.14379490272,9
2021-12-14,1095840.784587322,1223188.2310607962,,241084.97260921085,8
2021-12-15,1098995.582013739,1205328.0784688513,,241779.02804302258,6
2021-12-16,1099163.702038474,1216083.0569687912,,241816.01444846427,6
2021-12-17,1097568.7513174536,1211013.1094285974,,241465.12528983978,9
2021-12-20,1089738.3763132691,1213210.5334224838,,239742.4427889192,3
2021-12-21,1085027.9208186716,1232301.730806326,,238706.14258010776,7
2021-12-22,1092624.0118676266,1243318.4756246288,,240377.28261087785,5
2021-12-23,1097909.9040453322,1240668.91278417,,241540.1788899731,8
2021-12-24,1089423.9173170445,1230686.0860783563,,239673.2618097498,9
2021-12-27,1090975.6105981115,1206044.9861293708,,240014.63433158453,8
2021-12-28,1098576.209170845,1198311.8781017042,,241686.76601758593,6
2021-12-29,1083624.6475070792,1196411.670296877,,238397.42245155742,7
2021-12-30,1089257.9370265987,1185693.9686822642,,239636.7461458517,8
2021-12-31,1083754.6770261736,1184713.4695039366,,238426.02894575818,5
2022-01-03,1089639.561033087,1186076.000039659,,239720.70342727916,6
2022-01-04,1083202.294314026,1184040.5372665406,,238304.5047490857,5
2022-01-05,1067212.6059692758,1177226.3549444755,,234786.77331324067,7
2022-01-06,1053067.6519258376,1179606.9648984277,,231674.88342368428,8
2022-01-07,1054108.843129881,1185054.9043725713,,231903.9454885738,4
2022-01-10,1057047.320438404,1173276.8910751618,,232550.4104964489,8
2022-01-11,1049535.2114284048,1189496.10375166,,230897.74651424904,7
2022-01-12,1055840.856656569,1188881.6252225672,,232284.9884644452,8
2022-01-13,1041541.6878432957,1189593.8502235948,,229139.17132552507,9
2022-01-14,1041560.7706696133,1198097.1111048723,,229143.3695473149,8
2022-01-17,1031443.4267028989,1201254.75983627,,226917.55387463776,3
2022-01-18,1026326.8413066054,1212636.4060588959,,225791.9050874532,8
2022-01-19,1027335.6063677848,1216453.396899379,,226013.83340091264,8
2022-01-20,1020418.0280854951,1209886.7928407667,,224491.9661788089,5
2022-01-21,1017674.4075556599,1214550.039530526,,223888.36966224518,4
2022-01-24,1026969.3254388232,1201863.5797991515,,225933.25159654111,5
2022-01-25,1022529.1404877674,1203607.8650904289,,224956.41090730883,5
2022-01-26,1030385.6234542805,1203733.4195518496,,226684.83715994173,6
2022-01-27,1021088.9606509499,1201859.0740334864,,224639.57134320898,3
2022-01-28,1026279.4984258239,1200896.2570870533,,225781.48965368126,5
2022-01-31,1039450.0852630299,1179931.5315011907,,228679.01875786658,9
2022-02-01,1018215.1820781062,1174276.2534471664,,224007.34005718338,7
2022-02-02,1011908.75467872,1175805.192318919,,222619.92602931842,9
2022-02-03,1017459.1886258215,1178084.650269184,,223841.02149768072,7
2022-02-04,1016293.2966084557,1167077.90688691,,223584.52525386025,8
2022-02-07,1020088.8877574432,1181601.2863554463,,224419.5553066375,6
2022-02-08,1015443.5314049617,1172374.5624045553,,223397.5769090916,3
2022-02-09,1016779.8684895649,1183664.345852521,,223691.57106770427,9
2022-02-10,1016024.1402423942,1188965.2048592982,,223525.31085332672,3
2022-02-11,1026698.6397478362,1182165.3232799151,,225873.70074452396,9
2022-02-14,1029514.439995687,1202599.5869808914,,226493.17679905114,8
2022-02-15,1033065.8763033776,1189467.7407791058,,227274.49278674307,7
2022-02-16,1030048.3381806733,1200353.707494193,,226610.63439974812,4
2022-02-17,1026376.5733800825,1212267.8566549427,,225802.84614361814,6
2022-02-18,1023198.1472725276,1205053.781581613,,225103.59239995608,9
2022-02-21,1027222.2251587333,1221500.8621377323,,225988.88953492133,9
2022-02-22,1024142.2348205888,1219112.2881848372,,225311.29166052953,8
2022-02-23,1027258.7880078468,1222967.8398801445,,225996.9333617263,6
2022-02-24,1045976.3746317909,1226505.9561228328,,230114.802418994,7
2022-02-25,1054328.0357318327,1225456.1491463608,,231952.1678610032,7
2022-02-28,1052017.7921152378,1235410.1355781653,,231443.91426535233,9
2022-03-01,1063369.3989898153,1245241.7059095611,,233941.26777775935,4
2022-03-02,1060297.7068959335,1225079.9305227143,,233265.49551710536,4
2022-03-03,1042544.0200122851,1240774.7141077037,,229359.68440270273,3
2022-03-04,1034215.413525515,1221699.4482865965,,227527.3909756133,6
2022-03-07,1018369.4428234565,1234196.4427725358,,224041.27742116043,6
2022-03-08,1015917.3470777454,1247925.2722617986,,223501.816357104,7
2022-03-09,1016665.6273219021,1235515.677371328,,223666.43801081847,3
2022-03-10,1031742.4910156254,1231212.7027698918,,226983.3480234376,8
2022-03-11,1035207.992995818,1218796.9145882125,,227745.75845907998,6
2022-03-14,1033880.489372869,1216820.3309506774,,227453.7076620312,3
2022-03-15,1041768.943166087,1213770.5828832197,,229189.16749653916,3
2022-03-16,1022793.4863535933,1223270.492205715,,225014.56699779053,9
2022-03-17,1025435.0793759284,1239011.4550481094,,225595.71746270426,7
2022-03-18,1032748.8455178601,1255959.8880365724,,227204.74601392922,3
2022-03-21,1020368.2698224749,1249779.816518217,,224481.01936094448,4
2022-03-22,1030880.011259413,1247820.6519288444,,226793.60247707085,4
2022-03-23,1034443.9896990809,1228388.7616489134,,227577.6777337978,5
2022-03-24,1031392.4344776069,1219500.4284649906,,226906.3355850735,7
2022-03-25,1037538.1367393053,1231190.669954637,,228258.39008264718,9
2022-03-28,1058165.31757136,1250604.129775488,,232796.36986569918,8
2022-03-29,1060414.832245637,1236464.4064408045,,233291.26309404013,5
2022-03-30,1063267.2155750832,1230024.3922904662,,233918.7874265183,4
2022-03-31,1059732.3117910319,1230232.4451462429,,233141.108594027,9
2022-04-01,1052691.7924561887,1234023.4445739756,,231592.19434036152,5
2022-04-04,1060732.0991378108,1225050.572038964,,233361.06181031838,7
2022-04-05,1053628.6812089097,1230500.307417672,,231798.30986596015,9
2022-04-06,1054880.7218852057,1225478.0526555325,,232073.75881474526,7
2022-04-07,1051209.643829711,1225824.4995003103,,231266.12164253643,3
2022-04-08,1056099.1652253403,1232701.0076315938,,232341.81634957486,6
2022-04-11,1059706.9350434884,1233293.9510702377,,233135.52570956745,3
2022-04-12,1069667.2153974888,1228699.1097780585,,235326.78738744755,7
2022-04-13,1065650.4659024745,1227935.7274533522,,234443.10249854438,9
2022-04-14,1063824.0081931863,1227420.672130261,,234041.28180250098,4
2022-04-15,1055590.5512347587,1223621.6765361174,,232229.92127164692,8
2022-04-18,1052216.363732309,1221127.2471554866,,231487.600021108,4
2022-04-19,1056201.1641222953,1240185.5609749595,,232364.25610690497,9
2022-04-20,1063609.7849915754,1247315.0588125333,,233994.1526981466,3
2022-04-21,1055889.6741383807,1244337.6391597597,,232295.72831044375,8
2022-04-22,1064306.857398059,1253099.1036521604,,234147.50862757297,9
2022-04-25,1077188.0800641833,1249651.470693443,,236981.37761412034,7
2022-04-26,1081598.2999225187,1264103.2951334694,,237951.6259829541,4
2022-04-27,1099480.109797872,1269073.2446926162,,241885.6241555318,7
2022-04-28,1092886.2986760328,1268312.5997948747,,240434.9857087272,8
2022-04-29,1081957.9111186953,1274239.8187591815,,238030.74044611296,8
2022-05-02,1066227.1929249074,1255759.1065216637,,234569.98244347965,4
2022-05-03,1080404.1512740124,1242844.5145012524,,237688.91328028272,7
2022-05-04,1087040.1103401477,1229269.8093205178,,239148.8242748325,5
2022-05-05,1087157.0000863473,1231455.401133449,,239174.54001899643,7
2022-05-06,1090374.6948876167,1252241.0044617013,,239882.43287527567,8
2022-05-09,1080575.8716099993,1279311.1382786513,,237726.69175419986,7
2022-05-10,1103666.580521022,1287602.9748249375,,242806.64771462482,9
2022-05-11,1105518.9524880769,1294270.2120150637,,243214.16954737692,3
2022-05-12,1107188.1266398036,1272668.7794374945,,243581.3878607568,5
2022-05-13,1114660.5573571376,1266642.1823026263,,245225.32261857027,6
2022-05-16,1119864.4376363081,1257694.6907775472,,246370.1762799878,9
2022-05-17,1122645.0769441705,1250804.9736307007,,246981.9169277175,3
2022-05-18,1115753.1219140238,1249332.3180362002,,245465.68682108523,6
2022-05-19,1120871.6182012782,1244253.95646008,,246591.7560042812,4
2022-05-20,1139452.5404041314,1221380.402731026,,250679.5588889089,6
2022-05-23,1153144.2823383322,1230571.4703334963,,253691.7421144331,9
2022-05-24,1169429.0854403488,1218547.4842075272,,257274.39879687675,7
2022-05-25,1165025.795221815,1221828.8439623828,,256305.67494879928,9
2022-05-26,1155901.7314702882,1246416.6653681458,,254298.3809234634,6
2022-05-27,1155336.277265255,1236053.7657376584,,254173.98099835613,8
2022-05-30,1156553.6109141426,1206860.979820817,,254441.79440111137,3
2022-05-31,1167981.0867980863,1204088.7717455563,,256955.839095579,3
2022-06-01,1151855.9990689852,1217188.1938088345,,253408.31979517677,6
2022-06-02,1167499.560094908,1240344.3481564366,,256849.9032208798,3
2022-06-03,1166608.6795470621,1226377.17632522,,256653.90950035368,8
2022-06-06,1163052.285709852,1232679.0903525962,,255871.5028561674,9
2022-06-07,1153721.2484258658,1227747.82009989,,253818.67465369048,3
2022-06-08,1138161.8386537905,1227027.734504451,,250395.60450383392,6
2022-06-09,1146785.633955836,1258367.571103194,,252292.83947028394,5
2022-06-10,1148165.4495511318,1240928.838828021,,252596.398901249,5
2022-06-13,1136242.1329528575,1244441.321143608,,249973.26924962865,4
2022-06-14,1124393.207326322,1250493.145229824,,247366.50561179087,3
2022-06-15,1121836.146089021,1263917.1517377691,,246803.9521395846,9
2022-06-16,1138401.9447969499,1265624.5015299048,,250448.42785532898,6
2022-06-17,1136550.3038813511,1269859.8887703533,,250041.06685389724,3
2022-06-20,1122688.1236263826,1265668.5112641356,,246991.38719780417,7
2022-06-21,1120994.1937722268,1269436.0342420007,,246618.7226298899,8
2022-06-22,1119045.737329983,1265830.421285078,,246190.06221259624,3
2022-06-23,1094042.298091944,1273836.7138303746,,240689.3055802277,3
2022-06-24,1094171.9351402496,1269898.9046994795,,240717.8257308549,5
2022-06-27,1092658.757167253,1274981.6163226457,,240384.92657679564,8
2022-06-28,1099758.5850875361,1275162.6678813444,,241946.88871925796,6
2022-06-29,1117680.3904472485,1289339.2600003139,,245889.68589839467,3
2022-06-30,1129031.3320314658,1289251.275006882,,248386.8930469225,5
2022-07-01,1127105.7082740888,1268076.859024874,,247963.25582029953,4
2022-07-04,1117158.4704060724,1283811.4791087972,,245774.86348933593,8
2022-07-05,1142242.653282534,1273304.1794439757,,251293.3837221575,5
2022-07-06,1143480.1095015695,1265930.7547912195,,251565.62409034529,5
2022-07-07,1144278.7148451365,1259298.819168332,,251741.31726593003,9
2022-07-08,1144707.7469985196,1276270.5932160076,,251835.70433967432,5
2022-07-11,1147299.045353592,1250912.4940032465,,252405.78997779023,9
2022-07-12,1146556.6700162059,1288725.841266787,,252242.4674035653,3
2022-07-13,1141630.916882066,1302196.2992671658,,251158.80171405454,3
2022-07-14,1136986.4186806635,1305504.8801472564,,250137.01210974596,4
2022-07-15,1137329.3306045728,1305372.3805328123,,250212.452733006,7
2022-07-18,1132735.5317012297,1309461.80375608,,249201.81697427054,7
2022-07-19,1126529.059462991,1316494.4819065696,,247836.39308185803,7
2022-07-20,1128201.568644031,1325116.9257951325,,248204.3451016868,9
2022-07-21,1126410.7671322117,1332667.7632824774,,247810.36876908658,8
2022-07-22,1141464.0534934108,1334361.605961213,,251122.09176855037,8
2022-07-25,1116405.215327433,1332420.490127045,,245609.14737203528,4
2022-07-26,1127410.5238597638,1331065.2903167852,,248030.31524914803,8
2022-07-27,1140005.6432206077,1329159.6990943768,,250801.24150853368,7
2022-07-28,1120575.5956865533,1344034.0806155398,,246526.6310510417,7
2022-07-29,1117961.467015648,1352177.2993328755,,245951.52274344256,5
2022-08-01,1115080.2037751223,1314973.909550006,,245317.6448305269,8
2022-08-02,1102386.2986607365,1323719.876471724,,242524.98570536205,3
2022-08-03,1095737.3198101658,1326724.7124502102,,241062.21035823648,3
2022-08-04,1086029.2025526243,1327046.1338190376,,238926.42456157735,5
2022-08-05,1102834.742904892,1322705.4650398965,,242623.64343907623,5
2022-08-08,1112245.5254970384,1337386.2666966536,,244694.01560934845,5
2022-08-09,1124912.0203528835,1349986.4532675266,,247480.64447763437,3
2022-08-10,1132464.9187512468,1340641.3909527478,,249142.2821252743,7
2022-08-11,1122253.5504640841,1346388.7162087588,,246895.78110209852,5
2022-08-12,1117900.977308809,1334526.0366671272,,245938.215007938,4
2022-08-15,1123199.4744279154,1317595.7421676149,,247103.8843741414,9
2022-08-16,1112183.0369657187,1310304.4128860282,,244680.26813245812,5
2022-08-17,1119568.4735822366,1321589.721478259,,246305.06418809204,9
2022-08-18,1117930.8070138933,1334111.3716621788,,245944.77754305652,6
2022-08-19,1115017.5051950703,1341174.5728273427,,245303.85114291546,5
2022-08-22,1122402.444233422,1350976.4264536856,,246928.53773135282,3
2022-08-23,1127291.8965779864,1358168.6111813218,,248004.217247157,8
2022-08-24,1124486.9548918349,1350462.260408836,,247387.13007620367,5
2022-08-25,1136220.1928682255,1356570.7579702258,,249968.4424310096,8
2022-08-26,1126438.4297280884,1367455.7331736581,,247816.45454017946,6
2022-08-29,1132989.1790894798,1377828.9346142402,,249257.61939968556,4
2022-08-30,1139358.1199261036,1393969.7555844698,,250658.7863837428,8
2022-08-31,1137021.1315180846,1403935.087219058,,250144.6489339786,9
2022-09-01,1140832.5749471537,1409212.1394198148,,250983.1664883738,7
2022-09-02,1129362.1132959817,1424130.6612333371,,248459.66492511597,5
2022-09-05,1138887.4127325034,1424369.9835955796,,250555.23080115076,6
2022-09-06,1137758.0143477388,1413035.1190549154,,250306.76315650254,6
2022-09-07,1133362.689396084,1411439.6100102214,,249339.7916671385,8
2022-09-08,1144125.7570537978,1402044.256210854,,251707.66655183551,4
2022-09-09,1137939.5590484587,1393640.131486174,,250346.7029906609,3
2022-09-12,1124976.24146728,1392312.0936584454,,247494.77312280162,5
2022-09-13,1110743.7755729225,1382415.554264773,,244363.63062604296,6
2022-09-14,1117109.5421045905,1378951.7261150263,,245764.0992630099,4
2022-09-15,1105599.2369338637,1354724.4553108644,,243231.83212545002,7
2022-09-16,1122731.3269141973,1358038.5044967441,,247000.8919211234,6
2022-09-19,1103514.2084672402,1358624.4329472352,,242773.12586279286,4
2022-09-20,1120066.788213,1348648.947717573,,246414.69340686,3
2022-09-21,1122725.4330325085,1357661.7445572922,,246999.59526715186,3
2022-09-22,1122453.664485228,1370324.5420226078,,246939.80618675015,6
2022-09-23,1117905.692991018,1349972.7303485617,,245939.25245802398,9
2022-09-26,1122346.748836309,1340757.9712029654,,246916.28474398798,6
2022-09-27,1122638.6768703996,1331524.3690544332,,246980.5089114879,8
2022-09-28,1133817.9869056174,1320194.3223945112,,249439.95711923583,5
2022-09-29,1135576.4649205897,1331151.949790347,,249826.82228252973,4
2022-09-30,1137685.8719853375,1329259.919205055,,250290.89183677424,6
2022-10-03,1134829.4797389943,1326477.923093525,,249662.48554257874,5
2022-10-04,1134938.380470646,1301783.2915418406,,249686.44370354214,8
2022-10-05,1138566.001080604,1310188.217985561,,250484.52023773288,5
2022-10-06,1122675.682863218,1295313.710431336,,246988.65022990797,6
2022-10-07,1110461.4473494743,1296595.2419877357,,244301.51841688436,3
2022-10-10,1118121.1270226336,1300556.445360311,,245986.6479449794,4
2022-10-11,1120393.5474544219,1317914.0054815146,,246486.5804399728,4
2022-10-12,1119291.2388973918,1302080.8583845564,,246244.0725574262,3
2022-10-13,1120115.8078040697,1265277.067037417,,246425.47771689534,9
2022-10-14,1124074.7949553684,1268018.379226813,,247296.45489018105,6
2022-10-17,1119569.5511947067,1290240.2190126004,,246305.30126283548,4
2022-10-18,1112812.2882214529,1305968.2348353192,,244818.70340871962,6
2022-10-19,1115310.200903553,1309117.9225905368,,245368.24419878167,8
2022-10-20,1106681.9731372138,1303553.4595689778,,243470.03409018705,6
2022-10-21,1111164.1993861124,1314096.162826854,,244456.12386494473,5
2022-10-24,1095727.950068084,1302494.4166242613,,241060.1490149785,3
2022-10-25,1105948.7063518204,1308935.7709608132,,243308.7153974005,9
2022-10-26,1111032.8394830532,1315770.989723238,,244427.22468627171,6
2022-10-27,1114095.1267929615,1329576.0512123113,,245100.92789445154,9
2022-10-28,1124047.1974755365,1364991.6631774467,,247290.38344461803,9
2022-10-31,1140611.755845077,1370653.5826511004,,250934.58628591697,8
2022-11-01,1151107.8312414319,1364601.9353941705,,253243.722873115,7
2022-11-02,1133763.5934594125,1364843.530025857,,249427.99056107074,3
2022-11-03,1122089.9052143486,1342478.9021807986,,246859.7791471567,9
2022-11-04,1116781.3451010797,1334182.6849649418,,245691.89592223754,4
2022-11-07,1117676.7512655095,1329555.495041815,,245888.88527841208,5
2022-11-08,1123242.8951254636,1323494.2645607975,,247113.436927602,4
2022-11-09,1116965.2900592864,1325965.719745401,,245732.36381304302,8
2022-11-10,1119386.33187021,1316162.86929074,,246264.99301144617,8
2022-11-11,1112848.2706393576,1330732.5176226946,,244826.6195406587,4
2022-11-14,1107709.2471353677,1331294.0429862852,,243696.0343697809,3
2022-11-15,1095107.2607099093,1331735.5625941074,,240923.59735618005,4
2022-11-16,1087148.58775639,1328146.5355101107,,239172.6893064058,6
2022-11-17,1075288.5368515418,1330662.4587615773,,236563.4781073392,4
2022-11-18,1066992.7689629702,1341651.6462072912,,234738.40917185345,5
2022-11-21,1077167.5642824594,1331162.9664255443,,236976.86414214107,5
2022-11-22,1069099.6971165107,1323399.4820418588,,235201.93336563234,7
2022-11-23,1093641.1453206453,1320136.7765672426,,240601.05197054197,5
2022-11-24,1098861.315595007,1303812.2638388004,,241749.48943090154,4
2022-11-25,1101225.0839195012,1294212.359764476,,242269.51846229026,5
2022-11-28,1093829.2109608138,1288900.7850206436,,240642.42641137904,3
2022-11-29,1100974.7968271582,1300148.6319139772,,242214.4553019748,9
2022-11-30,1096226.3789296185,1303937.6974899871,,241169.80336451606,5
2022-12-01,1097999.0684364694,1306883.428564149,,241559.7950560233,6
2022-12-02,1122529.1566203334,1317996.551842631,,246956.41445647334,3
2022-12-05,1122263.6682062782,1316830.0827318118,,246898.00700538122,7
2022-12-06,1133877.7765747346,1322267.8220425986,,249453.11084644162,6
2022-12-07,1127758.238652725,1321526.5499047004,,248106.8125035995,4
2022-12-08,1128076.940684608,1325413.083261389,,248176.92695061376,9
2022-12-09,1145710.8199008906,1318631.9952391277,,252056.38037819593,4
2022-12-12,1140269.5871708877,1288634.7484904341,,250859.3091775953,9
2022-12-13,1158497.7232679096,1287532.1255380814,,254869.49911894012,9
2022-12-14,1166139.0484972459,1305475.3113826993,,256550.5906693941,4
2022-12-15,1161240.1361431265,1317510.5487496436,,255472.82995148783,6
2022-12-16,1168155.8620385795,1330147.1561921283,,256994.2896484875,6
2022-12-19,1178490.2014811689,1346326.0577585057,,259267.84432585715,9
2022-12-20,1185402.4998531067,1348025.4539395943,,260788.54996768347,6
2022-12-21,1170268.5726825625,1351118.4972926748,,257459.08599016376,9
2022-12-22,1163714.289283094,1343758.0185038503,,256017.1436422807,9
2022-12-23,1161940.8952999094,1340287.5052418034,,255626.99696598007,3
2022-12-26,1161879.679434569,1348690.8745862078,,255613.5294756052,8
2022-12-27,1168683.3131793987,1364682.1703209605,,257110.3288994677,3
2022-12-28,1171126.3971545133,1363447.4882941695,,257647.80737399292,4
2022-12-29,1158512.8657287604,1358188.946726276,,254872.83046032727,8
2022-12-30,1162928.7480571421,1358766.1982287928,,255844.32457257126,5
2023-01-02,1169638.8223199432,1367097.4244136722,,257320.5409103875,4
2023-01-03,1175882.6102791328,1348919.6484284734,,258694.17426140924,7
2023-01-04,1187367.0279090833,1320061.2404424897,,261220.74613999831,3
2023-01-05,1196472.1599815818,1313711.6137772086,,263223.875195948,6
2023-01-06,1201835.9813746987,1299028.5637904422,,264403.91590243374,3
2023-01-09,1201816.2609920332,1293303.3137912715,,264399.5774182473,6
2023-01-10,1185545.8706238463,1292030.8158106862,,260820.0915372462,8
2023-01-11,1190562.810126726,1287010.165092415,,261923.81822787973,7
2023-01-12,1193355.0910664895,1305309.4439343943,,262538.1200346277,8
2023-01-13,1196802.0019172488,1309909.452657266,,263296.4404217947,7
2023-01-16,1184508.0174407235,1314198.759564768,,260591.76383695917,3
2023-01-17,1174310.6109057665,1322518.90968428,,258348.33439926864,6
2023-01-18,1185503.903909975,1308766.1484605696,,260810.85886019448,8
2023-01-19,1185792.90746505,1322235.396395422,,260874.439642311,7
2023-01-20,1193349.6762450838,1321839.0421582297,,262536.9287739184,9
2023-01-23,1194329.065719696,1330813.7553962942,,262752.39445833315,4
2023-01-24,1195323.854867222,1317821.4948528276,,262971.24807078886,4
2023-01-25,1193597.104789682,1298923.001233782,,262591.36305373005,8
2023-01-26,1177117.8493674542,1309561.1179424599,,258965.9268608399,6
2023-01-27,1166991.1358253872,1314793.9807701001,,256738.04988158518,9
2023-01-30,1151412.574429958,1304079.0806788947,,253310.76637459075,8
2023-01-31,1136313.8504104603,1293852.7542932536,,249989.04709030126,3
2023-02-01,1122623.5831280986,1308229.5679581854,,246977.1882881817,7
2023-02-02,1114168.1361655162,1293996.7982127916,,245116.98995641357,3
2023-02-03,1099138.717417167,1314733.6055172686,,241810.51783177676,4
2023-02-06,1100516.9572057363,1304037.0683477477,,242113.73058526198,7
2023-02-07,1081781.5781667307,1312493.3879001623,,237991.94719668076,8
2023-02-08,1069872.8841322483,1308947.194145738,,235372.03450909464,3
2023-02-09,1055795.8027114768,1316997.5866741417,,232275.0765965249,5
2023-02-10,1058835.7682537292,1310743.0557977748,,232943.86901582044,6
2023-02-13,1050630.5487530075,1309266.4610051196,,231138.72072566167,9
2023-02-14,1049948.3518389568,1310325.306906339,,230988.6374045705,9
2023-02-15,1026799.8642102005,1298400.3234722817,,225895.97012624412,6
2023-02-16,1019458.1704915613,1308083.5740205715,,224280.7975081435,5
2023-02-17,1017563.8762837442,1302255.3698771333,,223864.05278242374,4
2023-02-20,1008690.1228973584,1299974.2101930843,,221911.82703741884,7
2023-02-21,1008323.5479486552,1288240.2282036948,,221831.18054870414,6
2023-02-22,1004474.8255412619,1257422.726774806,,220984.46161907763,5
2023-02-23,1017090.480144989,1255668.9191437366,,223759.90563189756,8
2023-02-24,1037554.9854925016,1284976.038978056,,228262.09680835035,9
2023-02-27,1034956.8152469262,1295093.6071596968,,227690.49935432375,5
2023-02-28,1031637.9452985354,1295400.5785253819,,226960.3479656778,4
2023-03-01,1044980.9112002797,1292709.431912031,,229895.80046406153,4
2023-03-02,1059617.29342007,1293528.2676530115,,233115.80455241541,3
2023-03-03,1055522.6034723714,1300794.832917324,,232214.9727639217,6
2023-03-06,1052364.914775816,1286749.2122635844,,231520.28125067952,3
2023-03-07,1050454.6944213326,1300911.2462795572,,231100.03277269317,9
2023-03-08,1039059.5411628656,1310298.7811900347,,228593.09905583042,5
2023-03-09,1031548.6561017211,1319788.9665482347,,226940.70434237865,7
2023-03-10,1023342.4838251796,1325840.8846148965,,225135.34644153953,7
2023-03-13,1017257.4035933353,1326644.8191709414,,223796.62879053378,4
2023-03-14,1017547.5034902799,1335682.1647857986,,223860.4507678616,7
2023-03-15,1020163.4402814764,1343752.6693364205,,224435.9568619248,7
2023-03-16,1034200.1283705517,1339797.4855289247,,227524.0282415214,9
2023-03-17,1026023.7324897306,1333059.353449136,,225725.22114774073,7
2023-03-20,1035203.3004552692,1334909.1530050978,,227744.72610015923,5
2023-03-21,1033920.781728209,1355113.9260443526,,227462.57198020598,7
2023-03-22,1034085.7525441279,1339731.3269795435,,227498.86555970812,8
2023-03-23,1040617.002670906,1321616.1632060807,,228935.7405875993,7
2023-03-24,1031289.8097207135,1324239.8726076228,,226883.75813855696,7
2023-03-27,1035240.1476425601,1325436.2348304375,,227752.8324813632,3
2023-03-28,1037305.2900013431,1328175.5746172087,,228207.1638002955,5
2023-03-29,1042248.9166299435,1331811.5288072603,,229294.76165858758,4
2023-03-30,1045415.1995011973,1329546.8879575646,,229991.3438902634,3
2023-03-31,1067839.4090445102,1348923.3089841208,,234924.66998979225,6
2023-04-03,1062670.2228545465,1328974.6381997764,,233787.44902800024,5
2023-04-04,1058490.2370374938,1319072.8179771297,,232867.85214824864,8
2023-04-05,1053497.6619850297,1318332.9233600062,,231769.48563670652,5
2023-04-06,1049134.5429352482,1298307.0590519249,,230809.5994457546,6
2023-04-07,1044059.0497240747,1296683.3743776511,,229692.99093929643,6
2023-04-10,1055216.5334642967,1317694.7884336677,,232147.63736214527,6
2023-04-11,1068569.5453845547,1318509.6794041847,,235085.29998460202,9
2023-04-12,1064005.3178059226,1321953.1765532894,,234081.16991730296,4
2023-04-13,1057094.5794634994,1306682.5481515878,,232560.80748196985,7
2023-04-14,1061943.5063689004,1299580.1622170378,,233627.5714011581,5
2023-04-17,1057574.781357092,1295493.807043525,,232666.45189856025,9
2023-04-18,1063877.8429248815,1292127.7340100897,,234053.12544347392,7
2023-04-19,1066329.917172254,1308402.8788385137,,234592.5817778959,7
2023-04-20,1053209.9805031198,1315884.411646501,,231706.19571068636,8
2023-04-21,1067674.5496366427,1302542.8562019204,,234888.4009200614,6
2023-04-24,1084591.8104049424,1306140.2130641046,,238610.19828908733,4
2023-04-25,1079571.556095708,1312870.8928305716,,237505.74234105574,8
2023-04-26,1076640.0191991765,1327642.5492241122,,236860.80422381882,3
2023-04-27,1079880.550428259,1348134.893224333,,237573.72109421698,9
2023-04-28,1083576.8548984653,1335700.5128303184,,238386.90807766237,9
2023-05-01,1090270.7877945574,1325972.4105069255,,239859.57331480263,4
2023-05-02,1109532.3167834047,1310687.9402419794,,244097.10969234904,7
2023-05-03,1108507.051855345,1308324.5226093486,,243871.5514081759,9
2023-05-04,1101628.181882517,1314670.4258361622,,242358.20001415373,4
2023-05-05,1089351.4022941662,1327553.7725639993,,239657.30850471655,9
2023-05-08,1083215.1889635846,1327153.4690027921,,238307.34157198863,9
2023-05-09,1083538.4428316427,1323678.249334397,,238378.4574229614,6
2023-05-10,1100694.9108090473,1326142.5423573896,,242152.8803779904,3
2023-05-11,1096490.5908149926,1316178.0961825857,,241227.92997929835,6
2023-05-12,1099212.2971157986,1342857.8394008726,,241826.70536547567,3
2023-05-15,1099696.3961289274,1322912.6676664557,,241933.20714836402,9
2023-05-16,1111442.6303386374,1325790.049681381,,244517.3786745002,8
2023-05-17,1135959.860652092,1351834.2129065632,,249911.16934346023,7
2023-05-18,1131492.8296241257,1352489.309769911,,248928.42251730766,9
2023-05-19,1127441.8190974786,1350615.6105288684,,248037.2002014453,3
2023-05-22,1138102.195781277,1346596.5410896721,,250382.48307188094,3
2023-05-23,1145358.8237686704,1344854.420897255,,251978.9412291075,3
2023-05-24,1164001.8433952814,1362958.9324877444,,256080.4055469619,9
2023-05-25,1170454.359079555,1334891.9442193676,,257499.95899750208,4
2023-05-26,1167558.6751601426,1354898.797637062,,256862.90853523137,8
2023-05-29,1174097.664650336,1337139.3357115262,,258301.4862230739,4
2023-05-30,1185843.3147162239,1334313.69670793,,260885.52923756925,7
2023-05-31,1194801.291968801,1329433.0147227675,,262856.2842331362,9
2023-06-01,1200646.0558940114,1337424.5769926351,,264142.1322966825,3
2023-06-02,1212228.370057736,1317681.2728546243,,266690.24141270196,8
2023-06-05,1224979.8154580037,1324020.1635249774,,269495.5594007608,8
2023-06-06,1240081.7971100549,1350038.4061989277,,272817.9953642121,5
2023-06-07,1247638.8977996232,1333122.2183544745,,274480.5575159171,7
2023-06-08,1246590.252711351,1336084.694002686,,274249.85559649725,8
2023-06-09,1248867.8557952244,1328243.4391473294,,274750.9282749494,9
2023-06-12,1262399.7464125943,1334175.2793224768,,277727.9442107708,3
2023-06-13,1254365.893502451,1334978.324606972,,275960.49657053925,3
2023-06-14,1259024.261128889,1327403.4898719208,,276985.33744835557,8
2023-06-15,1255545.0987860514,1334113.2313863887,,276219.9217329313,4
2023-06-16,1256580.0835265336,1357542.0034728593,,276447.6183758374,7
2023-06-19,1270963.9557355265,1355650.1519133435,,279612.07026181585,3
2023-06-20,1273765.5950629907,1365489.0546314802,,280228.43091385794,8
2023-06-21,1275007.1479659828,1349286.034382498,,280501.57255251624,3
2023-06-22,1261009.1285621868,1337592.9251797872,,277422.0082836811,8
2023-06-23,1269739.2906081036,1344157.6435118439,,279342.6439337828,7
2023-06-26,1277442.310719873,1363673.605806462,,281037.3083583721,8
2023-06-27,1301672.408715618,1368853.2838282096,,286367.929917436,5
2023-06-28,1299022.0540029202,1365357.1623328687,,285784.8518806424,8
2023-06-29,1302195.27621885,1365921.4212365844,,286482.96076814696,8
2023-06-30,1305710.8926456575,1350269.500496967,,287256.39638204465,9
2023-07-03,1323975.6373686197,1358591.0704609016,,291274.64022109634,7
2023-07-04,1323671.1070508354,1370549.6119971229,,291207.6435511838,9
2023-07-05,1327578.1645141381,1365238.9266467672,,292067.1961931104,8
2023-07-06,1335207.9159765204,1359715.9885417428,,293745.7415148345,7
2023-07-07,1338100.2133844574,1363721.4986156295,,294382.0469445806,5
2023-07-10,1333798.6417316378,1358636.402762419,,293435.7011809603,7
2023-07-11,1336772.6991795048,1358353.4533639946,,294089.99381949106,3
2023-07-12,1349747.2410486005,1386019.523076878,,296944.3930306921,9
2023-07-13,1338753.0368055776,1383349.0180591813,,294525.66809722706,7
2023-07-14,1341042.6287849958,1379220.7844211836,,295029.37833269907,5
2023-07-17,1333839.8527155595,1371315.577538061,,293444.7675974231,6
2023-07-18,1348162.4867959977,1381586.4894909947,,296595.7470951195,8
2023-07-19,1331489.6417523683,1379788.1755583517,,292927.72118552105,7
2023-07-20,1325936.2172179592,1371855.7128139643,,291705.96778795106,8
2023-07-21,1330956.6107610038,1389651.9578212057,,292810.4543674208,4
2023-07-24,1349439.5443213696,1408976.7755417272,,296876.6997507013,3
2023-07-25,1349468.0482371743,1401531.7086211238,,296882.9706121783,9
2023-07-26,1343882.3355209667,1377268.2101299644,,295654.1138146127,3
2023-07-27,1366150.2442012422,1391029.020252909,,300553.0537242733,4
2023-07-28,1350127.8727217654,1382566.0228616681,,297028.1319987884,4
2023-07-31,1325677.2586136588,1393531.0754482374,,291648.99689500494,9
2023-08-01,1331404.3471977802,1368035.0500274394,,292908.95638351166,7
2023-08-02,1326494.845716082,1380210.11696982,,291828.866057538,4
2023-08-03,1315749.6021468975,1364908.9235922073,,289464.91247231746,6
2023-08-04,1324434.9044826974,1374957.7367780874,,291375.67898619344,8
2023-08-07,1327947.7112152765,1375721.6552455022,,292148.4964673608,8
2023-08-08,1322350.8520114068,1363832.0847286708,,290917.1874425095,5
2023-08-09,1308727.216800034,1359131.1669636744,,287919.9876960075,4
2023-08-10,1319191.6521194214,1368563.5717042657,,290222.1634662727,4
2023-08-11,1327247.5729900214,1370515.1396686826,,291994.4660578047,6
2023-08-14,1326898.5137241024,1378699.7509841295,,291917.67301930254,3
2023-08-15,1348495.663888333,1405165.5272257538,,296669.0460554332,3
2023-08-16,1337012.2517006262,1384874.5220514184,,294142.6953741378,8
2023-08-17,1320450.729134278,1406732.7160229248,,290499.16040954116,8
2023-08-18,1313450.7311765428,1408718.1524221932,,288959.1608588394,7
2023-08-21,1313703.5952152603,1397281.5467083976,,289014.79094735725,9
2023-08-22,1317182.788530665,1380209.5894925068,,289780.2134767463,6
2023-08-23,1315245.8626892713,1378309.5326393628,,289354.0897916397,9
2023-08-24,1319944.5402211053,1390956.4544257957,,290387.7988486432,9
2023-08-25,1306668.4257008648,1389855.2110503225,,287467.05365419027,5
2023-08-28,1323461.727177211,1410391.6725067962,,291161.57997898647,9
2023-08-29,1323305.1814851908,1391540.1389776154,,291127.13992674195,5
2023-08-30,1336640.1470775874,1391964.774402411,,294060.83235706924,9
2023-08-31,1341309.2522507033,1375988.1678036624,,295088.03549515473,6
2023-09-01,1347294.713827202,1381319.437929457,,296404.8370419845,5
2023-09-04,1354601.1225417545,1393537.802609749,,298012.246959186,3
2023-09-05,1360541.7565955825,1388552.7875656548,,299319.18645102816,5
2023-09-06,1368763.705612478,1354783.1398410837,,301128.01523474517,5
2023-09-07,1385021.6023727136,1357912.6989121512,,304704.752521997,6
2023-09-08,1388138.4964576506,1364117.024087977,,305390.46922068315,6
2023-09-11,1397309.277770951,1369929.2541390248,,307408.0411096092,5
2023-09-12,1397053.9147475725,1386587.4991008146,,307351.861244466,4
2023-09-13,1414965.5378632082,1373061.3242412976,,311292.41832990583,6
2023-09-14,1407651.1075965052,1382510.8050494192,,309683.24367123115,7
2023-09-15,1430015.8594972806,1398753.6775380224,,314603.48908940173,7
2023-09-18,1430357.1433921852,1375706.997805039,,314678.57154628076,3
2023-09-19,1413791.3357381837,1380462.393655007,,311034.0938624004,9
2023-09-20,1416150.7944638126,1374430.1755450605,,311553.1747820388,5
2023-09-21,1408774.151235268,1373942.9876107206,,309930.31327175896,4
2023-09-22,1419657.5939118376,1379058.0764974062,,312324.67066060426,3
2023-09-25,1412605.723316729,1373254.0742683455,,310773.2591296804,5
2023-09-26,1408067.6438292821,1365015.6116886532,,309774.8816424421,6
2023-09-27,1386269.2131606967,1366031.7947845191,,304979.2268953533,7
2023-09-28,1381743.5935393393,1352496.0091865778,,303983.59057865466,8
2023-09-29,1354076.977109395,1339112.6030522645,,297896.9349640669,4
2023-10-02,1336632.1678044035,1348317.7249366948,,294059.07691696874,8
2023-10-03,1346046.7693290452,1334169.0944620618,,296130.2892523899,7
2023-10-04,1355818.1284568226,1343174.6941684203,,298279.98826050095,9
2023-10-05,1361507.6691101629,1349641.5662638599,,299531.6872042358,9
2023-10-06,1351106.7073631524,1328080.8210048112,,297243.4756198935,8
2023-10-09,1351342.412620366,1320089.9390619344,,297295.33077648055,6
2023-10-10,1352084.810976823,1335619.52902281,,297458.65841490106,5
2023-10-11,1339556.2581016421,1323731.0827013548,,294702.37678236124,6
2023-10-12,1357451.2368615295,1318446.959364989,,298639.2721095365,8
2023-10-13,1368361.8590543089,1324788.133495542,,301039.60899194796,6
2023-10-16,1366585.45787723,1335203.895792221,,300648.80073299055,7
2023-10-17,1367690.382713837,1332574.0522728502,,300891.8841970442,4
2023-10-18,1370906.1700158098,1325569.5808513663,,301599.3574034782,6
2023-10-19,1347909.5667008152,1344038.0971785036,,296540.10467417934,7
2023-10-20,1345859.3858016431,1366805.4934348094,,296089.0648763615,4
2023-10-23,1338838.217585746,1380089.6830725158,,294544.40786886413,9
2023-10-24,1328216.1829876055,1381787.914278569,,292207.5602572732,5
2023-10-25,1325812.9717302818,1371758.1730485198,,291678.853780662,8
2023-10-26,1346840.810243301,1361512.2069126144,,296304.97825352626,9
2023-10-27,1354958.441120556,1368842.4306992495,,298090.8570465223,5
2023-10-30,1349165.9647708326,1374858.1962781176,,296816.51224958315,9
2023-10-31,1356514.8092356657,1393742.1301978952,,298433.25803184643,3
2023-11-01,1373436.681996486,1402939.8190193863,,302156.0700392269,9
2023-11-02,1385027.64472098,1383496.1072814104,,304706.0818386156,7
2023-11-03,1386532.9732967552,1397903.1472712131,,305037.2541252861,4
2023-11-06,1379712.6694428867,1385235.941718209,,303536.78727743507,9
2023-11-07,1388701.3569822547,1380764.778152022,,305514.298536096,6
2023-11-08,1394151.490123151,1384626.6418654937,,306713.32782709325,5
2023-11-09,1405568.395161446,1411459.1016143444,,309225.0469355181,9
2023-11-10,1413972.232815146,1453752.3815229773,,311073.8912193321,4
2023-11-13,1427406.663079046,1462742.195898586,,314029.4658773901,7
2023-11-14,1421740.5733316152,1460810.8380895548,,312782.92613295536,3
2023-11-15,1438485.6199146656,1468842.089262597,,316466.8363812264,5
2023-11-16,1441736.0171879483,1481845.3466178025,,317181.9237813486,8
2023-11-17,1468004.0400114774,1477953.5132903242,,322960.88880252506,4
2023-11-20,1460255.7730937856,1503780.0236063148,,321256.2700806328,8
2023-11-21,1482649.806348538,1507698.381427265,,326182.9573966784,4
2023-11-22,1486003.9185068093,1515460.8560204667,,326920.86207149806,4
2023-11-23,1478637.718278909,1525684.579882096,,325300.29802136,7
2023-11-24,1473413.6474681355,1532435.845219189,,324151.0024429898,7
2023-11-27,1470256.1925691697,1545292.8819759758,,323456.36236521736,7
2023-11-28,1476409.818340542,1536880.4539087005,,324810.1600349193,9
2023-11-29,1483827.4513424356,1529374.5346956274,,326442.0392953358,6
2023-11-30,1477452.26083944,1514032.6672528267,,325039.49738467677,4
2023-12-01,1478003.3297978456,1520990.043567413,,325160.732555526,5
2023-12-04,1505773.9748776504,1532884.0287166364,,331270.2744730831,8
2023-12-05,1528758.2849242094,1540194.1108040859,,336326.8226833261,7
2023-12-06,1535314.7488413085,1565341.9044826883,,337769.24474508787,9
2023-12-07,1536701.1834502171,1565916.1310962432,,338074.2603590478,7
2023-12-08,1539160.3145320802,1576522.1526585727,,338615.26919705764,8
2023-12-11,1548079.5988994788,1560833.9311172403,,340577.51175788534,8
2023-12-12,1535518.8884820777,1555749.5970400088,,337814.1554660571,4
2023-12-13,1533050.2338927395,1566682.7964383268,,337271.0514564027,7
2023-12-14,1512196.2057882114,1579978.4030713781,,332683.16527340654,8
2023-12-15,1518204.760963335,1576229.610429669,,334005.0474119337,6
2023-12-18,1527437.2153586226,1575819.4866878483,,336036.187378897,6
2023-12-19,1522049.8145755054,1553758.3281029176,,334850.9592066112,7
2023-12-20,1543295.9366882432,1549140.9042064936,,339525.1060714135,9
2023-12-21,1528111.435411653,1562895.1686870004,,336184.51579056366,8
2023-12-22,1509977.052042677,1572091.9434942852,,332194.95144938893,4
2023-12-25,1513733.634043038,1580229.601306741,,333021.3994894683,4
2023-12-26,1528084.3368606966,1581640.5093508603,,336178.5541093532,9
2023-12-27,1550842.6857787191,1582410.9264539855,,341185.39087131823,4
2023-12-28,1545693.0874636122,1573148.9948754187,,340052.4792419947,3
2023-12-29,1560761.720270762,1584253.6491081703,,343367.5784595676,7
2024-01-01,1561156.0904351443,1591254.8509123803,,343454.3398957317,4
2024-01-02,1559770.8266018338,1599360.9880465476,,343149.5818524034,6
2024-01-03,1572391.1031058552,1592040.1834072277,,345926.04268328816,8
2024-01-04,1582021.5968137984,1560140.8599418993,,348044.7512990357,5
2024-01-05,1561741.1346220763,1577057.3904675033,,343583.0496168568,9
2024-01-08,1582247.7217894748,1570545.7901576078,,348094.49879368447,5
2024-01-09,1601726.4198762823,1558332.6453708287,,352379.8123727821,4
2024-01-10,1594138.5885962863,1569253.5179413466,,350710.48949118296,5
2024-01-11,1600426.3973099925,1564068.5158833116,,352093.80740819837,5
2024-01-12,1608075.2457055885,1580474.6493676845,,353776.55405522947,3
2024-01-15,1612570.985103321,1590402.4902076614,,354765.6167227306,6
2024-01-16,1605963.3242203074,1601398.387615101,,353311.9313284676,9
2024-01-17,1597726.6617272738,1581290.3018399328,,351499.8655800003,6
2024-01-18,1598306.3016164964,1600160.578836121,,351627.3863556292,3
2024-01-19,1615165.5508147858,1604804.0528913958,,355336.42117925285,3
2024-01-22,1623565.3829007656,1599848.204821437,,357184.3842381684,5
2024-01-23,1619392.459723002,1602699.4389971232,,356266.34113906045,7
2024-01-24,1630954.0134718574,1576328.2462542178,,358809.88296380866,8
2024-01-25,1592410.3096325418,1583109.9283293025,,350330.2681191592,8
2024-01-26,1608883.0115414395,1568293.5560810484,,353954.26253911667,5
2024-01-29,1586024.698167358,1548799.0904930907,,348925.43359681877,8
2024-01-30,1582058.4500724098,1527050.2151424258,,348052.85901593015,3
2024-01-31,1567919.2866197294,1543833.320945727,,344942.24305634043,6
2024-02-01,1551574.0533315658,1535252.691889598,,341346.2917329445,8
2024-02-02,1567783.3904340223,1558266.7641753037,,344912.3458954849,9
2024-02-05,1562460.0443121,1550989.4809015838,,343741.20974866196,5
2024-02-06,1567968.1581362288,1526484.0012761399,,344952.99478997034,7
2024-02-07,1568252.2348919748,1510933.7359578293,,345015.49167623447,5
2024-02-08,1575520.844107345,1529307.0080725248,,346614.5857036159,4
2024-02-09,1577463.4393674452,1527684.3633433045,,347041.9566608379,5
2024-02-12,1561175.4448857517,1520368.6964459585,,343458.5978748654,3
2024-02-13,1575301.3786519256,1523318.4749622159,,346566.3033034236,6
2024-02-14,1569603.6223290777,1531219.8303897006,,345312.7969123971,6
2024-02-15,1549746.6514440288,1548117.2833594205,,340944.26331768633,9
2024-02-16,1545006.009186182,1570070.736199367,,339901.32202096004,8
2024-02-19,1565610.9172779475,1565363.9747942933,,344434.4018011485,3
2024-02-20,1577833.4613632283,1546301.8285355114,,347123.36149991024,4
2024-02-21,1574072.6272364415,1540877.52692403,,346295.9779920171,3
2024-02-22,1570312.6549263764,1545334.769126593,,345468.78408380284,5
2024-02-23,1566930.3617410802,1531835.173041197,,344724.6795830376,3
2024-02-26,1595499.1968384616,1518549.6681590988,,351009.82330446155,3
2024-02-27,1601604.2968845044,1524147.0192674506,,352352.945314591,9
2024-02-28,1608387.6580515318,1524082.7043175916,,353845.284771337,4
2024-02-29,1623405.8320231575,1525197.6797212786,,357149.28304509463,5
2024-03-01,1627642.446969525,1514848.137163404,,358081.3383332955,7
2024-03-04,1625002.6416559867,1512168.663500213,,357500.5811643171,9
2024-03-05,1623233.0564888064,1499526.6085528405,,357111.2724275374,7
2024-03-06,1623186.6146466492,1512837.733669977,,357101.0552222628,9
2024-03-07,1623614.5044765493,1528351.685962723,,357195.19098484085,6
2024-03-08,1634598.0148770905,1502188.1625182,,359611.5632729599,9
2024-03-11,1636267.822181203,1489554.2295408829,,359978.92087986466,8
2024-03-12,1647406.6182785677,1469002.8082425545,,362429.4560212849,3
2024-03-13,1647231.8433768258,1460548.3630638646,,362391.0055429017,6
2024-03-14,1649288.246156723,1460004.0740695018,,362843.41415447905,4
2024-03-15,1622232.1576685742,1440510.6404768163,,356891.07468708634,7
2024-03-18,1635808.2701973666,1428500.1406823844,,359877.8194434207,9
2024-03-19,1641574.7430664983,1415475.6548925242,,361146.4434746296,3
2024-03-20,1656452.476029677,1418857.2823263577,,364419.544726529,4
2024-03-21,1616634.3886301771,1420387.9047020585,,355659.56549863896,8
2024-03-22,1646269.212670381,1411245.5683563033,,362179.2267874838,4
2024-03-25,1645270.73090219,1414208.8993809095,,361959.5607984818,3
2024-03-26,1661722.7043254825,1407458.2286316422,,365578.99495160615,8
2024-03-27,1647998.2035335205,1404417.1004940742,,362559.6047773745,4
2024-03-28,1657537.7699966503,1427334.0906347735,,364658.30939926306,8
2024-03-29,1643657.4951938158,1446109.7856385312,,361604.64894263947,9
2024-04-01,1635896.0850571345,1428863.4488809437,,359897.1387125696,9
2024-04-02,1663459.7341734394,1440726.5276099357,,365961.1415181567,3
2024-04-03,1661728.4046059344,1452437.1378859715,,365580.2490133056,3
2024-04-04,1665763.379322997,1437203.2491596574,,366467.94345105934,8
2024-04-05,1679048.8012711564,1448985.9984787703,,369390.73627965443,5
2024-04-08,1687096.979254298,1470764.7698538683,,371161.33543594554,6
2024-04-09,1690232.5513864344,1455697.997197943,,371851.16130501556,4
2024-04-10,1696456.2724802566,1443621.123676514,,373220.37994565646,4
2024-04-11,1732097.1774004067,1458184.0616561838,,381061.37902808946,5
2024-04-12,1732253.4822397886,1462557.4552451528,,381095.7660927535,5
2024-04-15,1736219.202713038,1470834.1038849084,,381968.2245968684,5
2024-04-16,1752731.6237215996,1476210.8814400644,,385600.9572187519,7
2024-04-17,1770218.5753034463,1482310.010923449,,389448.08656675817,7
2024-04-18,1789106.3783961064,1464253.2734354755,,393603.40324714343,8
2024-04-19,1799857.488767184,1479436.8744226687,,395968.6475287805,7
2024-04-22,1783414.8155197261,1496496.4162560832,,392351.25941433973,9
2024-04-23,1809210.4270688922,1493863.7616999196,,398026.2939551563,9
2024-04-24,1792630.9387929817,1493874.1724017698,,394378.806534456,3
2024-04-25,1798282.0311718716,1472772.4209984124,,395622.04685781174,8
2024-04-26,1787795.6287350394,1480586.0975245198,,393315.0383217087,4
2024-04-29,1787857.8870264832,1489254.2564897605,,393328.7351458263,6
2024-04-30,1793890.9785808192,1488999.8700280604,,394656.0152877802,3
2024-05-01,1799831.51373083,1505529.7890372437,,395962.9330207826,4
2024-05-02,1807330.1993018368,1501383.9609293854,,397612.6438464041,4
2024-05-03,1833168.7782483809,1510067.599866108,,403297.13121464377,8
2024-05-06,1841298.9579716658,1496074.088492372,,405085.77075376647,5
2024-05-07,1838545.6058230777,1496367.6998643524,,404480.0332810771,5
2024-05-08,1854678.3672029944,1494517.6425396288,,408029.24078465876,3
2024-05-09,1874505.8047219687,1498344.2432621897,,412391.2770388331,5
2024-05-10,1856033.1752978384,1493713.6016521554,,408327.29856552446,4
2024-05-13,1866534.4265023274,1492475.328523056,,410637.57383051206,5
2024-05-14,1878741.5025005094,1504814.2908849767,,413323.13055011205,7
2024-05-15,1875079.2908931288,1499202.4467606845,,412517.44399648835,5
2024-05-16,1898093.0914076872,1476950.5607451214,,417580.48010969115,4
2024-05-17,1896773.0198795781,1502119.3448003095,,417290.0643735072,8
2024-05-20,1899897.763476563,1522463.7694328912,,417977.5079648438,3
2024-05-21,1898204.7446184184,1504412.684444117,,417605.043816052,6
2024-05-22,1899557.0672576015,1514901.7868939077,,417902.55479667237,5
2024-05-23,1882958.095100364,1508299.4505470307,,414250.7809220801,9
2024-05-24,1861001.9893282545,1512708.4037263053,,409420.437652216,9
2024-05-27,1887304.0757866378,1517571.9567249792,,415206.8966730603,4
2024-05-28,1874811.6865105173,1514829.895256926,,412458.5710323138,6
2024-05-29,1860100.348605932,1504187.043032425,,409222.07669330505,6
2024-05-30,1827132.2723496333,1494951.1240065256,,401969.0999169193,7
2024-05-31,1818268.5342125925,1482567.2132069918,,400019.07752677036,6
2024-06-03,1798874.4033784652,1471474.1842717098,,395752.36874326237,9
2024-06-04,1825024.8723854185,1471153.1177933682,,401505.4719247921,8
2024-06-05,1841748.3879005886,1461767.572976907,,405184.6453381295,4
2024-06-06,1832043.7037602242,1471853.0304885935,,403049.6148272493,4
2024-06-07,1868182.0562084988,1493266.7824891289,,411000.05236586975,5
2024-06-10,1884855.593463821,1485665.2992823506,,414668.23056204064,5
2024-06-11,1880744.5975818501,1489668.1908179545,,413763.81146800704,5
2024-06-12,1841879.1071874313,1497365.3190934127,,405213.4035812349,9
2024-06-13,1878814.3307814796,1504708.4309220065,,413339.1527719255,9
2024-06-14,1857712.679447507,1506426.1685170531,,408696.78947845154,9
2024-06-17,1832808.3888243511,1517687.4316920196,,403217.84554135724,9
2024-06-18,1849801.910850453,1525277.940570416,,406956.4203870997,9
2024-06-19,1889235.794596357,1507984.6549942922,,415631.87481119856,9
2024-06-20,1912560.902302066,1521069.4116243853,,420763.39850645454,8
2024-06-21,1922837.5271768428,1534529.754819187,,423024.2559789054,9
2024-06-24,1933673.5086672506,1524047.0475523418,,425408.1719067951,6
2024-06-25,1948821.9692944102,1525236.428250306,,428740.83324477024,6
2024-06-26,1962523.9280622685,1535778.2911371642,,431755.2641736991,7
2024-06-27,1968352.873572744,1533369.4516280645,,433037.63218600367,8
2024-06-28,1971237.9068497578,1549643.5485245115,,433672.33950694674,5
2024-07-01,1971332.444291128,1585094.4165426951,,433693.1377440482,3
2024-07-02,1959842.1408338414,1573924.4665154456,,431165.2709834451,9
2024-07-03,1956303.17910556,1553935.7458339802,,430386.69940322323,7
2024-07-04,1929286.372169001,1559073.4873188457,,424443.00187718024,3
2024-07-05,1928792.693199395,1570415.5034097824,,424334.39250386687,6
2024-07-08,1913703.7008771566,1567630.7946605473,,421014.8141929745,7
2024-07-09,1896862.1338585287,1589931.8731949679,,417309.6694488763,7
2024-07-10,1900862.8063252848,1570380.8703287854,,418189.8173915626,4
2024-07-11,1924456.3524186271,1581377.8187222057,,423380.397532098,6
2024-07-12,1940594.2490236275,1572940.09620585,,426930.73478519806,6
2024-07-15,1915814.3059524875,1599293.2763136935,,421479.14730954723,8
2024-07-16,1900809.9564462162,1630237.8353588444,,418178.19041816756,7
2024-07-17,1917112.3577683135,1619049.1257764455,,421764.71870902897,9
2024-07-18,1902214.2037860362,1611276.4064049302,,418487.12483292795,6
2024-07-19,1899685.434891425,1625110.9624700795,,417930.7956761135,7
2024-07-22,1909669.1231117235,1619816.7715769464,,420127.20708457916,8
2024-07-23,1895058.3824022172,1619798.2950229773,,416912.8441284878,9
2024-07-24,1897854.9045218956,1620869.2894498121,,417528.07899481704,8
2024-07-25,1877435.4723260724,1591990.4315370924,,413035.80391173594,4
2024-07-26,1868927.6388533846,1592449.7867042655,,411164.08054774464,9
2024-07-29,1875091.6358924818,1582684.2255711027,,412520.159896346,7
2024-07-30,1850789.6106222174,1575934.604679171,,407173.7143368878,6
2024-07-31,1858792.490180827,1598209.65870468,,408934.34783978196,6
2024-08-01,1859560.317783199,1579803.3729420076,,409103.2699123038,7
2024-08-02,1869371.6641267808,1592671.5811793678,,411261.7661078918,7
2024-08-05,1874013.818960027,1589119.6880957144,,412283.04017120594,7
2024-08-06,1896830.300117595,1585563.6806435483,,417302.6660258709,5
2024-08-07,1899949.4635546503,1598134.8746289376,,417988.8819820231,9
2024-08-08,1894116.7192096913,1603968.8456899077,,416705.67822613206,6
2024-08-09,1897184.2957411266,1613337.3445747134,,417380.54506304784,9
2024-08-12,1907045.9227857138,1628854.0267176144,,419550.103012857,8
2024-08-13,1908944.0258030933,1624411.441965518,,419967.6856766805,6
2024-08-14,1910709.8551026366,1615645.7133822467,,420356.16812258004,5
2024-08-15,1900416.99611181,1599668.706014095,,418091.7391445982,7
2024-08-16,1890811.0385207136,1587796.9246236135,,415978.428474557,4
2024-08-19,1869365.1859129027,1632948.1483917886,,411260.3409008386,7
2024-08-20,1898249.499478003,1652942.7101728127,,417614.88988516066,7
2024-08-21,1879280.6006936952,1632421.0851280987,,413441.73215261294,5
2024-08-22,1869302.1954232275,1612598.023582408,,411246.48299311,9
2024-08-23,1858971.5683273126,1620657.3492105203,,408973.7450320088,6
2024-08-26,1874190.703103556,1629763.8480976194,,412321.95468278235,7
2024-08-27,1870579.0021793805,1638946.5837140717,,411527.3804794637,6
2024-08-28,1891502.939031518,1635665.2814742236,,416130.646586934,3
2024-08-29,1881771.780027233,1634402.8497061948,,413989.79160599125,8
2024-08-30,1887325.7360604021,1640180.2275752118,,415211.66193328844,9
2024-09-02,1875019.5230539625,1642207.4633715816,,412504.2950718718,6
2024-09-03,1910295.704580051,1608273.9499680991,,420265.0550076112,4
2024-09-04,1892120.030740283,1605438.4078112051,,416266.4067628622,8
2024-09-05,1898200.3131180617,1593127.3263354045,,417604.0688859736,4
2024-09-06,1909527.0708272448,1596448.213756282,,420095.95558199385,7
2024-09-09,1917350.9614452983,1642393.9303279673,,421817.2115179656,8
2024-09-10,1915443.3025003453,1648817.4575190821,,421397.52655007597,6
2024-09-11,1914440.6140022378,1644598.9052611308,,421176.93508049235,8
2024-09-12,1916263.9224795455,1659691.5773410292,,421578.0629455,7
2024-09-13,1914980.9511804336,1667999.2215019262,,421295.8092596954,5
2024-09-16,1931781.0263892927,1675356.5953637506,,424991.8258056444,9
2024-09-17,1969198.5537240044,1685718.810999374,,433223.68181928096,4
2024-09-18,1961009.2867427855,1719360.977542286,,431422.0430834128,7
2024-09-19,1939314.003035415,1701611.2574191482,,426649.0806677913,5
2024-09-20,1938983.5489502095,1709982.3420481475,,426576.3807690461,8
2024-09-23,1982625.2781262726,1695651.6285761949,,436177.56118778,8
2024-09-24,1970231.4239199117,1705312.3835331136,,433450.9132623806,7
2024-09-25,1998824.3933650546,1691145.463630288,,439741.366540312,6
2024-09-26,2028487.8606647335,1685150.3787867809,,446267.3293462414,8
2024-09-27,2020119.333884972,1681134.0685787066,,444426.2534546938,6
2024-09-30,2031061.0197094076,1697424.6928375112,,446833.4243360697,6
2024-10-01,2060351.7048006733,1712948.1801062478,,453277.3750561481,9
2024-10-02,2054907.048645871,1693396.049869242,,452079.5507020916,6
2024-10-03,2052543.0156400937,1694991.0156726043,,451559.46344082063,3
2024-10-04,2043585.1272624852,1684276.9628515167,,449588.7279977467,9
2024-10-07,2027143.601653913,1664847.4863033975,,445971.59236386087,5
2024-10-08,2017131.8249628586,1662114.3694842472,,443769.0014918289,5
2024-10-09,1997316.5460778498,1657941.487602836,,439409.64013712696,8
2024-10-10,1999053.6312129407,1696859.6854705685,,439791.79886684695,8
2024-10-11,1987129.7311594258,1704551.751232754,,437168.54085507366,6
2024-10-14,1992231.051359886,1682959.5698955962,,438290.8312991749,9
2024-10-15,1967039.0646078133,1674636.7406710486,,432748.5942137189,9
2024-10-16,1973712.2091763008,1691589.325034051,,434216.68601878616,3
2024-10-17,1988840.7057075745,1725861.2738056125,,437544.9552556664,6
2024-10-18,1956289.8411967724,1700582.8573354231,,430383.76506328996,3
2024-10-21,1963644.475379485,1670925.9139021882,,432001.7845834867,6
2024-10-22,1985274.3853698564,1701327.022643631,,436760.3647813684,4
2024-10-23,1966013.355209218,1708338.7607126199,,432522.93814602797,4
2024-10-24,1995104.1899808948,1694964.5507617795,,438922.92179579684,7
2024-10-25,2003367.2363518607,1704285.1206865446,,440740.79199740937,6
2024-10-28,1992523.8092978837,1662326.2967290813,,438355.2380455344,9
2024-10-29,1992734.9427793045,1663077.7801108295,,438401.687411447,8
2024-10-30,2003347.8082047633,1668955.5978083252,,440736.5178050479,5
2024-10-31,2005804.004425053,1684310.9344804578,,441276.88097351167,7
2024-11-01,2016152.8016276034,1668795.0427036574,,443553.61635807273,8
2024-11-04,2001544.3117779396,1670854.382568239,,440339.7485911467,4
2024-11-05,2005586.564627664,1656866.7683831293,,441229.04421808606,6
2024-11-06,1982649.527024846,1661582.4525764857,,436182.8959454661,7
2024-11-07,1981925.0242181509,1648147.2456935036,,436023.5053279932,6
2024-11-08,1967846.9847514883,1642449.6699334371,,432926.33664532745,4
2024-11-11,1956685.3477750267,1627601.520463175,,430470.7765105059,7
2024-11-12,1978378.7112142977,1638353.1213053677,,435243.3164671455,4
2024-11-13,1997877.8809010915,1652402.46724771,,439533.13379824016,3
2024-11-14,2009381.0104864943,1649413.4440016395,,442063.82230702875,4
2024-11-15,1991890.0349943931,1650705.3651462283,,438215.80769876647,9
2024-11-18,1987688.1990922415,1628682.284009206,,437291.4038002931,9
2024-11-19,2009336.768099769,1624729.5891168606,,442054.0889819492,6
2024-11-20,2012922.6179697919,1624637.0707395189,,442842.9759533542,5
2024-11-21,2053773.4756494288,1665768.8756082696,,451830.1646428743,4
2024-11-22,2061830.843106713,1648871.8379447707,,453602.7854834768,8
2024-11-25,2066392.4737257643,1672499.6499567244,,454606.3442196681,9
2024-11-26,2062161.5559118968,1689040.9363316458,,453675.54230061726,5
2024-11-27,2065698.364434187,1694253.3940912883,,454453.64017552114,3
2024-11-28,2064219.337606646,1723270.6933973343,,454128.2542734621,7
2024-11-29,2077840.9636226129,1730086.232418625,,457125.0119969748,7
2024-12-02,2095943.0511240559,1737209.0188193605,,461107.4712472923,9
2024-12-03,2083155.8903356364,1737061.970670942,,458294.29587384005,5
2024-12-04,2060792.2117188226,1757982.9789530083,,453374.286578141,9
2024-12-05,2029823.1504795558,1777033.287179028,,446561.0931055023,7
2024-12-06,2039765.0746295182,1767217.072173973,,448748.316418494,4
2024-12-09,2021817.9646966225,1745811.0397795169,,444799.95223325695,5
2024-12-10,1985992.2196628563,1743177.8049587694,,436918.2883258284,6
2024-12-11,1993703.6648755313,1730661.149685446,,438614.8062726169,4
2024-12-12,2037107.582333888,1730343.6019916115,,448163.66811345535,4
2024-12-13,2038183.9843822403,1751411.6813169539,,448400.47656409285,4
2024-12-16,2053892.6180672683,1744538.5013473632,,451856.37597479904,6
2024-12-17,2056512.4598671747,1744561.4906620982,,452432.74117077846,3
2024-12-18,2055976.6107604117,1746255.8366611078,,452314.85436729057,8
2024-12-19,2073230.6750910964,1761064.2492230232,,456110.74852004123,9
2024-12-20,2069317.7971243642,1724213.1896663094,,455249.9153673601,7
